date,ticker,open,high,low,close,volume,ex-dividend,split_ratio,adj_open,adj_high,adj_low,adj_close,adj_volume,price_adjustment_factor,terminal_session_status
2017-06-20,WFM,43,43.18,42.74,42.78,13167524,0,1,42.817581899599,42.996818288946,42.558684892765,42.598515201508,13167524,0.995757718595325,OBSERVED_BEFORE_DISPUTED_TERMINAL_DATE
2017-06-21,WFM,42.8,43.31,42.75,43.26,13492860,0,1,42.61843035588,43.126266792364,42.568642469951,43.076478906434,13492860,0.995757718595331,OBSERVED_BEFORE_DISPUTED_TERMINAL_DATE
2017-06-22,WFM,43.08,43.29,42.92,43.2,7558524,0,1,42.897242517087,43.106351637992,42.737921282112,43.016733443318,7558524,0.995757718595324,OBSERVED_BEFORE_DISPUTED_TERMINAL_DATE
2017-06-23,WFM,43.45,43.84,42.88,42.945,12844472,0,1,43.265672872967,43.654018383219,42.698090973368,42.762815225077,12844472,0.995757718595343,OBSERVED_BEFORE_DISPUTED_TERMINAL_DATE
2017-06-26,WFM,42.52,42.9,42.5,42.69,8565089,0,1,42.339618194674,42.71800612774,42.319703040302,42.508897006835,8565089,0.995757718595339,OBSERVED_BEFORE_DISPUTED_TERMINAL_DATE
2017-06-27,WFM,42.6,42.78,42.5,42.56,6408692,0,1,42.419278812161,42.598515201508,42.319703040302,42.379448503417,6408692,0.995757718595324,OBSERVED_BEFORE_DISPUTED_TERMINAL_DATE
2017-06-28,WFM,42.4,42.52,42.16,42.25,6760444,0.18,1,42.4,42.52,42.16,42.25,6760444,1,OBSERVED_BEFORE_DISPUTED_TERMINAL_DATE
2017-06-29,WFM,42.11,42.24,42,42.07,6582863,0,1,42.11,42.24,42,42.07,6582863,1,OBSERVED_BEFORE_DISPUTED_TERMINAL_DATE
2017-06-30,WFM,42.04,42.29,42.02,42.11,7578076,0,1,42.04,42.29,42.02,42.11,7578076,1,OBSERVED_BEFORE_DISPUTED_TERMINAL_DATE
2017-07-03,WFM,42.05,42.27,42.01,42.04,1891700,0,1,42.05,42.27,42.01,42.04,1891700,1,OBSERVED_BEFORE_DISPUTED_TERMINAL_DATE
2017-07-05,WFM,42.03,42.15,41.97,41.99,4380008,0,1,42.03,42.15,41.97,41.99,4380008,1,OBSERVED_BEFORE_DISPUTED_TERMINAL_DATE
2017-07-06,WFM,41.95,42.1067,41.95,42.01,5378838,0,1,41.95,42.1067,41.95,42.01,5378838,1,OBSERVED_BEFORE_DISPUTED_TERMINAL_DATE
2017-07-07,WFM,41.97,42.2,41.955,42,6181396,0,1,41.97,42.2,41.955,42,6181396,1,OBSERVED_BEFORE_DISPUTED_TERMINAL_DATE
2017-07-10,WFM,41.98,42.03,41.84,41.85,7953221,0,1,41.98,42.03,41.84,41.85,7953221,1,OBSERVED_BEFORE_DISPUTED_TERMINAL_DATE
2017-07-11,WFM,41.85,42.28,41.85,41.94,9297178,0,1,41.85,42.28,41.85,41.94,9297178,1,OBSERVED_BEFORE_DISPUTED_TERMINAL_DATE
2017-07-12,WFM,41.98,42,41.89,41.94,9656700,0,1,41.98,42,41.89,41.94,9656700,1,OBSERVED_BEFORE_DISPUTED_TERMINAL_DATE
2017-07-13,WFM,41.95,42.09,41.94,41.96,4284908,0,1,41.95,42.09,41.94,41.96,4284908,1,OBSERVED_BEFORE_DISPUTED_TERMINAL_DATE
2017-07-14,WFM,41.99,42.12,41.93,42.1,6826684,0,1,41.99,42.12,41.93,42.1,6826684,1,OBSERVED_BEFORE_DISPUTED_TERMINAL_DATE
2017-07-17,WFM,42.05,42.1,41.85,41.89,15759729,0,1,42.05,42.1,41.85,41.89,15759729,1,OBSERVED_BEFORE_DISPUTED_TERMINAL_DATE
2017-07-18,WFM,41.85,41.89,41.74,41.76,12081555,0,1,41.85,41.89,41.74,41.76,12081555,1,OBSERVED_BEFORE_DISPUTED_TERMINAL_DATE
2017-07-19,WFM,41.76,41.88,41.725,41.76,9290390,0,1,41.76,41.88,41.725,41.76,9290390,1,OBSERVED_BEFORE_DISPUTED_TERMINAL_DATE
2017-07-20,WFM,41.75,41.805,41.73,41.76,6612468,0,1,41.75,41.805,41.73,41.76,6612468,1,OBSERVED_BEFORE_DISPUTED_TERMINAL_DATE
2017-07-21,WFM,41.7,41.82,41.67,41.71,8960345,0,1,41.7,41.82,41.67,41.71,8960345,1,OBSERVED_BEFORE_DISPUTED_TERMINAL_DATE
2017-07-24,WFM,41.73,41.8,41.65,41.67,7958030,0,1,41.73,41.8,41.65,41.67,7958030,1,OBSERVED_BEFORE_DISPUTED_TERMINAL_DATE
2017-07-25,WFM,41.67,41.77,41.65,41.75,6446274,0,1,41.67,41.77,41.65,41.75,6446274,1,OBSERVED_BEFORE_DISPUTED_TERMINAL_DATE
2017-07-26,WFM,41.7,41.84,41.69,41.81,7675600,0,1,41.7,41.84,41.69,41.81,7675600,1,OBSERVED_BEFORE_DISPUTED_TERMINAL_DATE
2017-07-27,WFM,41.85,41.85,41.74,41.78,6467284,0,1,41.85,41.85,41.74,41.78,6467284,1,OBSERVED_BEFORE_DISPUTED_TERMINAL_DATE
2017-07-28,WFM,41.8,41.83,41.74,41.82,3838515,0,1,41.8,41.83,41.74,41.82,3838515,1,OBSERVED_BEFORE_DISPUTED_TERMINAL_DATE
2017-07-31,WFM,41.8,41.86,41.75,41.76,4911200,0,1,41.8,41.86,41.75,41.76,4911200,1,OBSERVED_BEFORE_DISPUTED_TERMINAL_DATE
2017-08-01,WFM,41.8,41.86,41.77,41.85,4075519,0,1,41.8,41.86,41.77,41.85,4075519,1,OBSERVED_BEFORE_DISPUTED_TERMINAL_DATE
2017-08-02,WFM,41.83,41.87,41.78,41.81,3486089,0,1,41.83,41.87,41.78,41.81,3486089,1,OBSERVED_BEFORE_DISPUTED_TERMINAL_DATE
2017-08-03,WFM,41.8,41.85,41.79,41.84,2845938,0,1,41.8,41.85,41.79,41.84,2845938,1,OBSERVED_BEFORE_DISPUTED_TERMINAL_DATE
2017-08-04,WFM,41.85,41.85,41.8,41.81,3399813,0,1,41.85,41.85,41.8,41.81,3399813,1,OBSERVED_BEFORE_DISPUTED_TERMINAL_DATE
2017-08-07,WFM,41.81,41.845,41.78,41.82,3549854,0,1,41.81,41.845,41.78,41.82,3549854,1,OBSERVED_BEFORE_DISPUTED_TERMINAL_DATE
2017-08-08,WFM,41.8,41.85,41.8,41.85,4914745,0,1,41.8,41.85,41.8,41.85,4914745,1,OBSERVED_BEFORE_DISPUTED_TERMINAL_DATE
2017-08-09,WFM,41.82,41.86,41.79,41.85,3928887,0,1,41.82,41.86,41.79,41.85,3928887,1,OBSERVED_BEFORE_DISPUTED_TERMINAL_DATE
2017-08-10,WFM,41.825,41.84,41.81,41.81,6237665,0,1,41.825,41.84,41.81,41.81,6237665,1,OBSERVED_BEFORE_DISPUTED_TERMINAL_DATE
2017-08-11,WFM,41.81,41.82,41.71,41.75,9460004,0,1,41.81,41.82,41.71,41.75,9460004,1,OBSERVED_BEFORE_DISPUTED_TERMINAL_DATE
2017-08-14,WFM,41.78,41.86,41.76,41.86,2488369,0,1,41.78,41.86,41.76,41.86,2488369,1,OBSERVED_BEFORE_DISPUTED_TERMINAL_DATE
2017-08-15,WFM,41.84,41.84,41.76,41.79,2680427,0,1,41.84,41.84,41.76,41.79,2680427,1,OBSERVED_BEFORE_DISPUTED_TERMINAL_DATE
2017-08-16,WFM,41.78,41.8,41.705,41.75,4897422,0,1,41.78,41.8,41.705,41.75,4897422,1,OBSERVED_BEFORE_DISPUTED_TERMINAL_DATE
2017-08-17,WFM,41.73,41.76,41.7,41.73,4434911,0,1,41.73,41.76,41.7,41.73,4434911,1,OBSERVED_BEFORE_DISPUTED_TERMINAL_DATE
2017-08-18,WFM,41.7,41.75,41.7,41.73,2151399,0,1,41.7,41.75,41.7,41.73,2151399,1,OBSERVED_BEFORE_DISPUTED_TERMINAL_DATE
2017-08-21,WFM,41.72,41.76,41.71,41.73,2924435,0,1,41.72,41.76,41.71,41.73,2924435,1,OBSERVED_BEFORE_DISPUTED_TERMINAL_DATE
2017-08-22,WFM,41.72,41.76,41.71,41.71,4465958,0,1,41.72,41.76,41.71,41.71,4465958,1,OBSERVED_BEFORE_DISPUTED_TERMINAL_DATE
2017-08-23,WFM,41.72,41.75,41.67,41.68,7913904,0,1,41.72,41.75,41.67,41.68,7913904,1,OBSERVED_BEFORE_DISPUTED_TERMINAL_DATE
2017-08-24,WFM,41.97,42.01,41.95,41.98,19208524,0,1,41.97,42.01,41.95,41.98,19208524,1,OBSERVED_BEFORE_DISPUTED_TERMINAL_DATE
2017-08-25,WFM,41.99,42,41.99,41.99,4268652,0,1,41.99,42,41.99,41.99,4268652,1,OBSERVED_BEFORE_DISPUTED_TERMINAL_DATE
2017-08-28,WFM,41.99,41.99,41.99,41.99,760065,0,1,41.99,41.99,41.99,41.99,760065,1,DISPUTED_DO_NOT_ASSUME_EXECUTABLE_OR_DELETE
