ticker,member_rebalance_count,first_missing_member_date,last_missing_member_date,maximum_coverage_gain_pp,candidate_cache,candidate_exists,identity_status,candidate_first_date,candidate_last_date,candidate_cache_sha256,candidate_rows,candidate_adjusted_flag,available_member_dates,candidate_coverage_gain_pp
BK,269,2005-01-03,2026-04-24,0.1981720241649178,BNY,True,NOT_YET_VALIDATED,2003-12-19,2026-09-04,0c27692a3d4e84963c3ac5d76e5881972364467ee682fb308e093b0e9a877c0f,5713.0,True,269.0,0.1981720241649178
MMC,265,2005-01-03,2025-12-29,0.19523760118251698,MRSH,True,NOT_YET_VALIDATED,2003-12-19,2026-09-04,9284059e31a30e6c88ef5ef185b135a7c3d95fff0d15348228cbe5d2911485f7,5713.0,True,265.0,0.19523760118251698
K,264,2005-01-03,2025-11-28,0.19450399543691677,,,,,,,,,,
IPG,263,2005-01-03,2025-10-30,0.19377038969131657,,,,,,,,,,
WBA,260,2005-01-03,2025-08-06,0.19157102802147155,,,,,,,,,,
HES,259,2005-01-03,2025-07-09,0.19083742227587133,,,,,,,,,,
MRO,251,2005-01-03,2024-11-13,0.18496857631106975,,,,,,,,,,
CMA,245,2005-01-03,2024-05-23,0.18056694183746855,CMA,False,NOT_YET_VALIDATED,,,,,,,
JNPR,240,2006-06-08,2025-06-09,0.17671702613965323,,,,,,,,,,
SEE,239,2005-01-03,2023-11-30,0.17616530736386735,,,,,,,,,,
ABC,235,2005-01-03,2023-08-08,0.17323088438146655,COR,True,NOT_YET_VALIDATED,2003-12-19,2026-09-04,d37d6a79219ba40d07a92cc7c16d9e5244e1ff371bffc0a57277c8afbf925d6e,5713.0,True,235.0,0.17323088438146655
PKI,232,2005-01-03,2023-05-11,0.17103006714466595,RVTY,True,NOT_YET_VALIDATED,2003-12-19,2026-09-04,3f2b680c35a39f3c40d3632d28d22557c104d9681f0c690be509442c74f0cda6,5713.0,True,232.0,0.17103006714466595
DFS,225,2007-07-20,2025-05-09,0.16558895025216852,,,,,,,,,,
CTXS,224,2005-01-03,2022-09-21,0.16516122117986434,,,,,,,,,,
ANTM,221,2005-01-03,2022-06-27,0.16296040394306377,ELV,True,NOT_YET_VALIDATED,2003-12-19,2026-09-04,5f011cefadb6098b1dc3219de3202943779ccb08e81e078015f99f0a3876d9fa,5713.0,True,221.0,0.16296040394306377
BLL,219,2005-01-03,2022-04-28,0.1614946480188189,BALL,True,NOT_YET_VALIDATED,2003-12-19,2026-09-04,a225c0ed3ef0acb5b687ddc8488fe8efa323ebd1127b7af1efae384bf8ad6566,5713.0,True,219.0,0.1614946480188189
GPS,216,2005-01-03,2022-02-01,0.15930109708755288,GAP,False,NOT_YET_VALIDATED,,,,,,,
XLNX,216,2005-01-03,2022-02-01,0.15930109708755288,,,,,,,,,,
TIF,202,2005-01-03,2020-12-21,0.14907129181920317,,,,,,,,,,
MYL,200,2005-01-03,2020-10-23,0.1476098910665818,VTRS,True,NOT_YET_VALIDATED,2003-12-19,2026-09-04,6eb38ad9141e41377422d2b6d885a52827a2b38f39ef72488ad939c8f3c16b62,5713.0,True,200.0,0.1476098910665818
ETFC,199,2005-01-03,2020-09-25,0.1468791906902711,,,,,,,,,,
CTL,198,2005-01-03,2020-08-27,0.14614849031396038,LUMN,True,NOT_YET_VALIDATED,2003-12-19,2026-09-04,c23c294003a7d5259a37ea7b744933673fced86db0fb0673382d151c09af5d13,5713.0,True,198.0,0.14614849031396038
PXD,197,2008-09-26,2024-04-25,0.1449181250402045,,,,,,,,,,
JWN,195,2005-01-03,2020-06-03,0.14395638918502832,,,,,,,,,,
AGN,194,2005-01-03,2020-05-05,0.1432256888087176,,,,,,,,,,
ARNC,192,2005-01-03,2020-03-09,0.14176428805609623,,,,,,,,,,
RTN,192,2005-01-03,2020-03-09,0.14176428805609623,,,,,,,,,,
UTX,192,2005-01-03,2020-03-09,0.14176428805609623,RTX,True,NOT_YET_VALIDATED,2003-12-19,2026-09-04,5edb54a2b5bbf756d9926af0a0fbbeee14e017c9ee78d98f720e1c64e8491b27,5713.0,True,192.0,0.14176428805609623
CBS,188,2005-01-03,2019-11-11,0.13884148655085346,,,,,,,,,,
BHGE,187,2005-01-03,2019-10-14,0.13811078617454275,,,,,,,,,,
SYMC,187,2005-01-03,2019-10-14,0.13811078617454275,GEN,True,NOT_YET_VALIDATED,2003-12-19,2026-09-04,7203b2cf6f2af6eb4f7866b7f1d8d87b483630b758ac220a23b3453136a3aceb,5713.0,True,187.0,0.13811078617454275
TMK,184,2005-01-03,2019-07-19,0.1359186850456107,GL,True,NOT_YET_VALIDATED,2003-12-19,2026-09-04,771d4f8af0d02ad90b119f945dd0ffa4106bcb0523c3e5e012e7e1de2c78f7c0,5713.0,True,184.0,0.1359186850456107
LLL,183,2005-01-03,2019-06-20,0.1351879846693,,,,,,,,,,
VAR,179,2007-02-27,2021-04-19,0.13192514355690227,,,,,,,,,,
CA,175,2005-01-03,2018-10-29,0.1293409318564805,,,,,,,,,,
PX,175,2005-01-03,2018-10-29,0.1293409318564805,,,,,,,,,,
VIAB,175,2006-01-13,2019-11-11,0.1291670069251943,,,,,,,,,,
XL,173,2005-01-03,2018-08-31,0.12787953110385908,,,,,,,,,,
MON,169,2005-01-03,2018-05-09,0.12496250588617609,,,,,,,,,,
PBCT,169,2008-11-21,2022-03-30,0.12436534425824172,,,,,,,,,,
COG,167,2008-07-02,2021-09-09,0.12295678883759596,,,,,,,,,,
BCR,164,2005-01-03,2017-12-13,0.12131622436407233,,,,,,,,,,
CELG,164,2006-11-28,2019-11-11,0.12099992324228506,,,,,,,,,,
NBL,164,2007-10-15,2020-09-25,0.12087054369879342,,,,,,,,,,
RAI,159,2005-01-03,2017-07-24,0.11766994284196858,,,,,,,,,,
AABA,157,2005-01-03,2017-05-25,0.11621143023312708,,,,,,,,,,
TGNA,157,2005-01-03,2017-05-25,0.11621143023312708,,,,,,,,,,
PDCO,157,2005-10-18,2018-03-13,0.1160598939096547,,,,,,,,,,
FLIR,155,2009-01-22,2021-04-19,0.11411499721224473,,,,,,,,,,
FTR,154,2005-01-03,2017-03-01,0.11402366131986481,,,,,,,,,,
LLTC,154,2005-01-03,2017-03-01,0.11402366131986481,,,,,,,,,,
STJ,152,2005-01-03,2016-12-30,0.11256514871102331,,,,,,,,,,
DISCA,153,2010-03-04,2022-03-30,0.11252613805199708,WBD,True,NOT_YET_VALIDATED,2005-07-08,2026-09-04,f457e57248fcfb8c8f027aaaf5a34a93817c9402d725e693b9e74c32607ecb13,5324.0,True,153.0,0.11252613805199708
CERN,153,2010-04-30,2022-05-26,0.11251146570372765,,,,,,,,,,
CHK,152,2006-03-14,2018-03-13,0.11234458934569194,,,,,,,,,,
JEC,152,2007-11-12,2019-11-11,0.11209037740638403,J,True,NOT_YET_VALIDATED,2003-12-19,2026-09-04,5d0890a4e52520d1201a5bb487aee5b6af00ef2aefd6068219930428c180ea72,5713.0,True,152.0,0.11209037740638403
WYND,149,2006-08-04,2018-05-09,0.1100907911895747,,,,,,,,,,
TSS,148,2008-01-10,2019-09-16,0.10914405234777914,,,,,,,,,,
WFM,147,2006-01-13,2017-08-21,0.10872471952073018,,,,,,,,,,
HCP,146,2008-04-08,2019-10-14,0.10764736626511458,DOC,True,NOT_YET_VALIDATED,2003-12-19,2026-09-04,8525531cea42bec27c2cf2916a39dbfb3ddb94770dcd9468d8b36c89a9bcb8a1,5713.0,True,146.0,0.10764736626511458
GAS,145,2005-01-03,2016-06-13,0.10745602236440822,,,,,,,,,,
CCE,144,2005-01-03,2016-05-13,0.10672532198809753,,,,,,,,,,
BRCM,140,2005-01-03,2016-01-20,0.10380540862663463,,,,,,,,,,
HAR,140,2006-02-13,2017-03-01,0.10360671954121392,,,,,,,,,,
ALTR,139,2005-01-03,2015-12-18,0.10307470825032394,,,,,,,,,,
SIAL,137,2005-01-03,2015-10-22,0.10160603539309646,,,,,,,,,,
HSP,135,2005-01-03,2015-08-26,0.10013882390189606,,,,,,,,,,
PLL,135,2005-01-03,2015-08-26,0.10013882390189606,,,,,,,,,,
HRS,135,2008-09-26,2019-05-22,0.09954207324132544,LHX,True,NOT_YET_VALIDATED,2003-12-19,2026-09-04,de2d66c91d5d21274cab583882a1fd69787b673d2107f210ceb0b28d99673d8b,5713.0,True,135.0,0.09954207324132544
LM,134,2006-05-10,2016-12-01,0.09919156416897641,,,,,,,,,,
FDO,133,2005-01-03,2015-06-30,0.09866280914174846,,,,,,,,,,
MWV,133,2005-01-03,2015-06-30,0.09866280914174846,,,,,,,,,,
AVP,129,2005-01-03,2015-03-06,0.0957093006487477,,,,,,,,,,
SWY,127,2005-01-03,2015-01-07,0.09423032794318897,,,,,,,,,,
SRCL,127,2008-11-21,2018-11-27,0.09367592845319259,,,,,,,,,,
HOLX,126,2016-04-15,2026-03-26,0.09217160904006155,,,,,,,,,,
RHT,125,2009-08-12,2019-06-20,0.0921295142629333,,,,,,,,,,
RDC,122,2005-01-03,2014-08-14,0.09053289617929217,,,,,,,,,,
SNI,122,2008-07-02,2018-02-12,0.09008393060451039,,,,,,,,,,
FRX,120,2005-01-03,2014-06-18,0.08905243856137848,,,,,,,,,,
IGT,120,2005-01-03,2014-06-18,0.08905243856137848,,,,,,,,,,
X,120,2005-01-03,2014-06-18,0.08905243856137848,,,,,,,,,,
LSI,118,2005-01-03,2014-04-22,0.0875704960311098,,,,,,,,,,
NLSN,116,2013-08-02,2022-09-21,0.08501385579081466,,,,,,,,,,
ALXN,115,2012-06-20,2021-07-14,0.08443479610571485,,,,,,,,,,
JCP,113,2005-01-03,2013-11-25,0.08385967615400847,,,,,,,,,,
MOLX,113,2005-01-03,2013-11-25,0.08385967615400847,,,,,,,,,,
WRK,113,2015-07-29,2024-06-24,0.08263773844132029,,,,,,,,,,
SWN,111,2008-07-02,2017-03-29,0.08206211125588214,,,,,,,,,,
BMC,110,2005-01-03,2013-08-30,0.08163228969503321,,,,,,,,,,
WIN,110,2006-08-04,2015-04-06,0.08157559333222009,,,,,,,,,,
HCBK,110,2007-02-27,2015-10-22,0.08153708562555279,,,,,,,,,,
PCP,109,2007-06-21,2016-01-20,0.08076661024712396,,,,,,,,,,
DTV,108,2006-12-27,2015-06-30,0.0800787836801883,,,,,,,,,,
APOL,107,2005-01-03,2013-06-06,0.07940490323605795,,,,,,,,,,
HNZ,107,2005-01-03,2013-06-06,0.07940490323605795,,,,,,,,,,
KSU,108,2013-06-06,2021-12-03,0.0791772552518653,,,,,,,,,,
DNB,105,2008-12-22,2017-03-29,0.0776147927772187,,,,,,,,,,
BIG,103,2005-01-03,2013-02-11,0.07643355772458894,,,,,,,,,,
FII,101,2005-01-03,2012-12-12,0.07494863341860544,FHI,False,NOT_YET_VALIDATED,,,,,,,
ANSS,102,2017-06-23,2025-07-09,0.07462599204274427,,,,,,,,,,
ATVI,102,2015-09-24,2023-10-04,0.07455927197077089,,,,,,,,,,
RRD,100,2005-01-03,2012-11-13,0.0742061712656137,,,,,,,,,,
BTUUQ,99,2006-11-28,2014-09-12,0.07343081922350313,,,,,,,,,,
LXK,98,2005-01-03,2012-09-14,0.07272124695963018,,,,,,,,,,
GR,96,2005-01-03,2012-07-19,0.07123632265364668,,,,,,,,,,
CVH,96,2005-09-20,2013-04-10,0.0712183417153863,,,,,,,,,,
DISCK,97,2014-08-14,2022-03-30,0.07096908801366145,,,,,,,,,,
HSH,95,2005-01-03,2012-06-20,0.07049386050065494,,,,,,,,,,
PGN,95,2005-01-03,2012-06-20,0.07049386050065494,,,,,,,,,,
DO,95,2009-03-20,2016-09-07,0.07028708485087042,,,,,,,,,,
NVLS,94,2005-01-03,2012-05-22,0.06975139834766318,,,,,,,,,,
MJN,94,2010-01-05,2017-05-25,0.0694540431505086,,,,,,,,,,
DF,90,2006-04-11,2013-05-08,0.0667605749984318,,,,,,,,,,
TWC,90,2009-04-20,2016-05-13,0.06662479699284829,,,,,,,,,,
MWW,88,2005-01-03,2011-11-29,0.06529512853021067,,,,,,,,,,
LO,88,2008-07-02,2015-06-02,0.06523251642056566,,,,,,,,,,
JNS,87,2005-01-03,2011-10-31,0.06455266637721892,,,,,,,,,,
ARG,85,2009-09-10,2016-05-13,0.06292736522895148,,,,,,,,,,
HBI,85,2015-04-06,2021-12-03,0.0621303956861838,,,,,,,,,,
ESV,83,2007-01-29,2016-03-17,0.061461386193675895,,,,,,,,,,
RSHCQ,82,2005-01-03,2011-06-09,0.060840355612260165,,,,,,,,,,
ADS,82,2013-12-24,2020-06-03,0.060096713031019856,BFH,False,NOT_YET_VALIDATED,,,,,,,
FBHS,82,2016-07-12,2022-12-15,0.05990601605225673,FBIN,False,NOT_YET_VALIDATED,,,,,,,
NOVL,80,2005-01-03,2011-04-12,0.059355431306276664,,,,,,,,,,
AYE,78,2005-01-03,2011-02-14,0.05787050700029317,,,,,,,,,,
DISH,79,2017-03-29,2023-06-09,0.05774001157040133,,,,,,,,,,
QLGC,77,2005-01-03,2011-01-14,0.05712804484730142,,,,,,,,,,
EKDKQ,76,2005-01-03,2010-12-16,0.05638558269430967,,,,,,,,,,
MDP,76,2005-01-03,2010-12-16,0.05638558269430967,,,,,,,,,,
ODP,76,2005-01-03,2010-12-16,0.05638558269430967,,,,,,,,,,
NYX,76,2007-11-12,2013-10-28,0.056366104856547285,,,,,,,,,,
GGP,76,2007-07-20,2018-08-03,0.055906491694860005,,,,,,,,,,
DNR,75,2009-04-20,2015-03-06,0.05560877565349844,,,,,,,,,,
RE,76,2017-06-23,2023-06-09,0.05555224265713908,EG,True,NOT_YET_VALIDATED,2003-12-19,2026-09-04,013ab92d0cdc91f35196dc53fc205c4630a32e7a5a4f865cab9eed50faf792af,5713.0,True,76.0,0.05555224265713908
WLTW,76,2016-01-20,2022-01-03,0.05549568846091824,WTW,True,NOT_YET_VALIDATED,2003-12-19,2026-09-04,4122ddaefea0d773d595f68266d49b1efe89c127e01bb1d7ff894ab3d171aa37,5713.0,True,76.0,0.05549568846091824
PTV,74,2005-01-03,2010-10-20,0.05490065838832616,,,,,,,,,,
COV,73,2007-07-20,2015-01-07,0.054158058111201356,,,,,,,,,,
CBE,72,2005-01-03,2012-11-13,0.05345146164754082,,,,,,,,,,
FLT,72,2018-07-06,2024-02-28,0.052674362410071104,CPAY,True,NOT_YET_VALIDATED,2010-12-15,2026-09-04,801b713a8bd744e570471519472e52629229210a989674c614d20e54a88e42d0,3954.0,True,72.0,0.052674362410071104
XEC,71,2014-07-17,2020-02-07,0.05198114911840706,,,,,,,,,,
MIL,70,2005-01-03,2010-06-28,0.05193379155207398,,,,,,,,,,
CFN,70,2009-09-10,2015-03-06,0.05191134388960165,,,,,,,,,,
XTO,69,2005-01-03,2010-05-28,0.051194305199294625,,,,,,,,,,
CVC,69,2011-01-14,2016-06-13,0.05107043967009856,,,,,,,,,,
MXIM,69,2005-01-03,2021-08-11,0.05085245978604126,,,,,,,,,,
BJS,67,2005-01-03,2010-04-01,0.0497153324937359,,,,,,,,,,
BDK,66,2005-01-03,2010-03-04,0.04897584614095655,,,,,,,,,,
ACS,65,2005-01-03,2010-02-03,0.04823635978817718,,,,,,,,,,
BNI,65,2005-01-03,2010-02-03,0.04823635978817718,,,,,,,,,,
PBG,65,2005-01-03,2010-02-03,0.04823635978817718,,,,,,,,,,
RX,65,2005-01-03,2010-02-03,0.04823635978817718,IQV,True,NOT_YET_VALIDATED,2013-05-09,2026-09-04,7dc21854d19ce707f0d2c950146e47d3a06a260d56da29b60051075f583f02fc,3352.0,True,0.0,0.0
DRE,65,2017-08-21,2022-09-21,0.04749127833789578,,,,,,,,,,
QEP,63,2010-07-27,2015-06-30,0.046729017589674474,,,,,,,,,,
SIVB,62,2018-04-11,2023-02-14,0.04532525663053076,,,,,,,,,,
WYE,61,2005-01-03,2009-10-08,0.04527692946470477,,,,,,,,,,
KORS,61,2013-11-25,2018-08-31,0.04476231710284239,CPRI,True,NOT_YET_VALIDATED,2011-12-15,2026-09-04,fb508ac2abd22c8f0ef44a9a72e1ad98c530096ab02292cfd7466a4a9fbba5b2,3701.0,True,61.0,0.04476231710284239
CXO,61,2016-03-17,2020-12-21,0.04453518281625784,,,,,,,,,,
CTX,59,2005-01-03,2009-08-12,0.043797956759146044,,,,,,,,,,
CITGQ,58,2005-01-03,2009-07-15,0.04305847040636669,,,,,,,,,,
JOY,58,2011-03-15,2015-09-24,0.04300192264720309,,,,,,,,,,
CTRA,58,2021-10-07,2026-04-24,0.042524428958918364,,,,,,,,,,
ABMD,58,2018-06-07,2022-12-15,0.04239953253048886,,,,,,,,,,
SUNEQ,57,2007-06-21,2011-11-29,0.04225633015070001,,,,,,,,,,
MTLQQ,56,2005-01-03,2009-05-18,0.04157949770080797,,,,,,,,,,
TWTR,56,2018-06-07,2022-10-19,0.04093232103928847,,,,,,,,,,
PEAK,55,2019-11-11,2024-02-28,0.040255338426125185,DOC,True,NOT_YET_VALIDATED,2003-12-19,2026-09-04,8525531cea42bec27c2cf2916a39dbfb3ddb94770dcd9468d8b36c89a9bcb8a1,5713.0,True,55.0,0.040255338426125185
ROH,54,2005-01-03,2009-03-20,0.04010052499524925,,,,,,,,,,
CTLT,54,2020-09-25,2024-12-12,0.03955369174270955,,,,,,,,,,
FRC,54,2019-01-28,2023-04-13,0.03949267898762993,,,,,,,,,,
JNY,53,2005-01-03,2009-02-20,0.0393610386424699,,,,,,,,,,
SOV,52,2005-01-03,2009-01-22,0.03862006737733555,,,,,,,,,,
NCC,51,2005-01-03,2008-12-22,0.037879096112201215,,,,,,,,,,
AW,50,2005-01-03,2008-11-21,0.037138124847066876,,,,,,,,,,
KATE,50,2005-01-03,2008-11-21,0.037138124847066876,,,,,,,,,,
HPC,49,2005-01-03,2008-10-24,0.03639715358193254,,,,,,,,,,
WAMUQ,48,2005-01-03,2008-09-26,0.03565618231679821,,,,,,,,,,
WWY,48,2005-01-03,2008-09-26,0.03565618231679821,,,,,,,,,,
LEHMQ,47,2005-01-03,2008-08-28,0.03491521105166386,,,,,,,,,,
EDS,46,2005-01-03,2008-07-31,0.034174239786529524,,,,,,,,,,
WFT,46,2005-07-25,2009-02-20,0.03414881643227125,,,,,,,,,,
STR,45,2006-12-27,2010-06-28,0.03334976609051382,,,,,,,,,,
ABKFQ,44,2005-01-03,2008-06-04,0.032690806368403436,,,,,,,,,,
CFC,44,2005-01-03,2008-06-04,0.032690806368403436,,,,,,,,,,
OMX,44,2005-01-03,2008-06-04,0.032690806368403436,,,,,,,,,,
AKS,44,2008-07-02,2011-11-29,0.03260432216180724,,,,,,,,,,
BSC,43,2005-01-03,2008-05-06,0.031948344215411685,,,,,,,,,,
ATGE,42,2009-06-16,2012-09-14,0.031141749258822224,ATGE,False,NOT_YET_VALIDATED,,,,,,,
FL,42,2016-04-15,2019-07-19,0.030651875666354654,,,,,,,,,,
CCTYQ,41,2005-01-03,2008-03-10,0.030463419909428184,,,,,,,,,,
HET,39,2005-01-03,2008-01-10,0.02897849560344468,,,,,,,,,,
DJ,38,2005-01-03,2007-12-11,0.02823603345045293,,,,,,,,,,
SNV,38,2005-01-03,2007-12-11,0.02823603345045293,,,,,,,,,,
TIN,38,2005-01-03,2007-12-11,0.02823603345045293,,,,,,,,,,
TRB,38,2005-01-03,2007-12-11,0.02823603345045293,,,,,,,,,,
NLOK,38,2019-11-11,2022-10-19,0.027784040750921793,GEN,True,NOT_YET_VALIDATED,2003-12-19,2026-09-04,7203b2cf6f2af6eb4f7866b7f1d8d87b483630b758ac220a23b3453136a3aceb,5713.0,True,38.0,0.027784040750921793
AT,37,2005-01-03,2007-11-12,0.027493571297461175,,,,,,,,,,
CEPH,37,2008-11-21,2011-10-03,0.027413050642294635,,,,,,,,,,
MEE,37,2008-07-02,2011-05-11,0.027407087090864982,,,,,,,,,,
MNK,37,2014-09-12,2017-07-24,0.0271370466626764,,,,,,,,,,
LVLT,37,2014-11-07,2017-09-19,0.027116586565959184,,,,,,,,,,
HFC,37,2018-07-06,2021-05-17,0.027033031510159795,DINO,False,NOT_YET_VALIDATED,,,,,,,
BOL,36,2005-01-03,2007-10-15,0.026751109144469425,,,,,,,,,,
HCR,36,2005-01-03,2007-10-15,0.026751109144469425,,,,,,,,,,
BRL,36,2006-03-14,2008-12-22,0.026719692180558568,,,,,,,,,,
ASN,35,2005-01-03,2007-09-17,0.026008646991477674,,,,,,,,,,
FDC,35,2005-01-03,2007-09-17,0.026008646991477674,,,,,,,,,,
NCR,35,2005-01-03,2007-09-17,0.026008646991477674,VYX,False,NOT_YET_VALIDATED,,,,,,,
SLR,35,2005-01-03,2007-09-17,0.026008646991477674,,,,,,,,,,
TXU,35,2005-01-03,2007-09-17,0.026008646991477674,,,,,,,,,,
KRFT,35,2012-10-12,2015-06-30,0.025941562182118266,,,,,,,,,,
CBSS,34,2005-01-03,2007-08-17,0.025266184838485924,,,,,,,,,,
KSE,34,2005-01-03,2007-08-17,0.025266184838485924,,,,,,,,,,
BMET,32,2005-01-03,2007-06-21,0.02378126053250242,,,,,,,,,,
MEL,32,2005-01-03,2007-06-21,0.02378126053250242,,,,,,,,,,
PMCS,32,2005-01-03,2007-06-21,0.02378126053250242,,,,,,,,,,
PETM,31,2012-10-12,2015-03-06,0.0229880536891175,,,,,,,,,,
FI,31,2023-06-09,2025-10-30,0.02274032254665063,FISV,True,NOT_YET_VALIDATED,2003-12-19,2026-09-04,d7306facffbf947280890c26facd3e16b9fd7b4396742cce0c1833fc87a6ece9,5713.0,True,31.0,0.02274032254665063
CDAY,30,2021-10-07,2024-01-30,0.021984923649068334,DAY,False,NOT_YET_VALIDATED,,,,,,,
TSG,29,2005-01-03,2007-03-27,0.021553874073527168,,,,,,,,,,
CMX,28,2005-01-03,2007-02-27,0.020811411920535417,,,,,,,,,,
HMA,28,2005-01-03,2007-02-27,0.020811411920535417,,,,,,,,,,
VIAC,28,2019-12-10,2022-02-01,0.020459610536699428,,,,,,,,,,
APCC,27,2005-01-03,2007-01-29,0.020068949767543663,,,,,,,,,,
CMVT,27,2005-01-03,2007-01-29,0.020068949767543663,,,,,,,,,,
EOP,27,2005-01-03,2007-01-29,0.020068949767543663,,,,,,,,,,
PGL,27,2005-01-03,2007-01-29,0.020068949767543663,,,,,,,,,,
WPX,27,2012-01-27,2014-02-24,0.020049471929781286,,,,,,,,,,
MFE,27,2009-01-22,2011-02-14,0.019991410888091952,,,,,,,,,,
ENDP,27,2015-02-05,2017-03-01,0.019793333376675843,,,,,,,,,,
BLS,26,2005-01-03,2006-12-27,0.019326487614551913,,,,,,,,,,
SBL,26,2005-01-03,2006-12-27,0.019326487614551913,,,,,,,,,,
DDR,26,2007-03-27,2009-03-20,0.019289113074713836,SITC,False,NOT_YET_VALIDATED,,,,,,,
FSL,25,2005-01-03,2006-11-28,0.018584025461560162,,,,,,,,,,
NAV,25,2005-01-03,2006-11-28,0.018584025461560162,,,,,,,,,,
NFB,25,2005-01-03,2006-11-28,0.018584025461560162,,,,,,,,,,
GMCR,25,2014-03-24,2016-02-18,0.01844904638996162,,,,,,,,,,
DAY,25,2024-02-28,2026-01-28,0.018338688073049437,DAY,False,NOT_YET_VALIDATED,,,,,,,
FSH,24,2005-01-03,2006-10-30,0.01784156330856841,,,,,,,,,,
CBH,23,2006-06-08,2008-03-10,0.017076629518810282,,,,,,,,,,
ANDW,22,2005-01-03,2006-09-01,0.016356639002584907,,,,,,,,,,
GDW,22,2005-01-03,2006-09-01,0.016356639002584907,,,,,,,,,,
DWDP,22,2017-09-19,2019-05-22,0.016058085146599968,,,,,,,,,,
IAC,21,2006-12-27,2008-07-31,0.015590214324969365,IAC,False,NOT_YET_VALIDATED,,,,,,,
ACAS,21,2007-07-20,2009-02-20,0.015579778109967472,,,,,,,,,,
CTB,20,2005-01-03,2006-07-07,0.014871714696601406,,,,,,,,,,
GTW,20,2005-01-03,2006-07-07,0.014871714696601406,,,,,,,,,,
KRI,19,2005-01-03,2006-06-08,0.014129252543609654,,,,,,,,,,
ABS,18,2005-01-03,2006-05-10,0.013386790390617902,,,,,,,,,,
AMCC,18,2005-01-03,2006-05-10,0.013386790390617902,,,,,,,,,,
ANRZQ,17,2011-06-09,2012-09-14,0.012623353500361771,,,,,,,,,,
WCG,17,2018-10-01,2020-01-09,0.012423356199615746,,,,,,,,,,
CIN,16,2005-01-03,2006-03-14,0.011901866084634399,,,,,,,,,,
JP,16,2005-01-03,2006-03-14,0.011901866084634399,,,,,,,,,,
MYG,16,2005-01-03,2006-03-14,0.011901866084634399,,,,,,,,,,
DCNAQ,15,2005-01-03,2006-02-13,0.011159403931642648,,,,,,,,,,
SFA,15,2005-01-03,2006-02-13,0.011159403931642648,,,,,,,,,,
RBK,14,2005-01-03,2006-01-13,0.010416941778650898,,,,,,,,,,
SEBL,14,2005-01-03,2006-01-13,0.010416941778650898,,,,,,,,,,
KRB,13,2005-01-03,2005-12-14,0.009674479625659146,,,,,,,,,,
MERQ,13,2005-01-03,2005-12-14,0.009674479625659146,,,,,,,,,,
VSTNQ,13,2005-01-03,2005-12-14,0.009674479625659146,,,,,,,,,,
CPNLQ,12,2005-01-03,2005-11-15,0.008932017472667395,,,,,,,,,,
CPGX,12,2015-07-29,2016-06-13,0.00879321322265977,,,,,,,,,,
BXLT,11,2015-07-29,2016-05-13,0.008062512846349077,,,,,,,,,,
DPHIQ,10,2005-01-03,2005-09-20,0.007444099367679893,,,,,,,,,,
PVN,10,2005-01-03,2005-09-20,0.007444099367679893,,,,,,,,,,
MAY,9,2005-01-03,2005-08-22,0.006700140315186143,,,,,,,,,,
DALRQ,8,2005-01-03,2005-07-25,0.005956181262692392,,,,,,,,,,
NXTL,8,2005-01-03,2005-07-25,0.005956181262692392,,,,,,,,,,
GLK,7,2005-01-03,2005-06-24,0.005212222210198641,,,,,,,,,,
TOY,7,2005-01-03,2005-06-24,0.005212222210198641,,,,,,,,,,
SATS,4,2026-03-26,2026-06-23,0.002934422982400798,,,,,,,,,,
CMCSK,3,2015-09-24,2015-11-19,0.002200817236800599,,,,,,,,,,
