date,open,high,low,close,volume_rounded,volume_display,change_pct,ohlc_consistent
2009-07-23,7.85,8.33,7.85,8.12,,,+3.57%,True
2009-07-24,8.02,8.35,8.02,8.35,,,+2.83%,True
2009-07-27,8.45,8.49,8.3,8.39,,,+0.48%,True
2009-07-28,8.23,8.4,8.16,8.32,,,-0.83%,True
2009-07-29,8.14,8.19,7.98,8.03,,,-3.49%,True
2009-07-30,8.24,8.49,8.22,8.35,,,+3.99%,True
2009-07-31,8.24,8.49,8.2,8.37,,,+0.24%,True
2009-08-03,8.53,8.91,8.53,8.89,,,+6.21%,True
2009-08-04,8.52,8.91,8.52,8.83,,,-0.67%,True
2009-08-05,8.81,8.85,8.45,8.53,,,-3.40%,True
2009-08-06,8.58,8.64,8.05,8.06,,,-5.51%,True
2009-08-07,8.18,8.21,8.01,8.03,,,-0.37%,True
2009-08-10,8.03,8.05,7.91,8.05,,,+0.25%,True
2009-08-11,8.01,8.01,7.87,7.95,,,-1.24%,True
2009-08-12,7.95,8.18,7.95,8.11,,,+2.01%,True
2009-08-13,8.2,8.38,8.13,8.33,,,+2.71%,True
2009-08-14,8.36,8.36,8.05,8.13,,,-2.40%,True
2009-08-17,7.68,7.74,7.54,7.61,,,-6.40%,True
2009-08-18,7.73,7.79,7.65,7.73,,,+1.58%,True
2009-08-19,7.52,7.9,7.5,7.8,,,+0.91%,True
2009-08-20,7.84,8.01,7.84,7.97,,,+2.18%,True
2009-08-21,8.12,8.3,8.08,8.22,,,+3.14%,True
2009-08-24,8.28,8.44,8.14,8.16,,,-0.73%,True
2009-08-25,8.21,8.25,7.93,7.96,,,-2.45%,True
2009-08-27,8.14,8.68,7.98,8.61,,,+8.17%,True
2009-08-28,8.79,8.82,8.32,8.52,,,-1.05%,True
2009-08-31,8.46,8.46,8.17,8.21,,,-3.64%,True
2009-09-01,8.18,8.32,7.88,7.9,,,-3.78%,True
2009-09-02,7.9,8.11,7.67,7.98,,,+1.01%,True
2009-09-03,8.11,8.16,8.04,8.11,,,+1.63%,True
2009-09-04,8.22,8.35,8.22,8.35,,,+2.96%,True
2009-09-08,8.54,8.89,8.53,8.86,,,+6.11%,True
2009-09-09,8.99,9.48,8.86,9.39,,,+5.98%,True
2009-09-10,9.62,9.97,9.35,9.88,,,+5.22%,True
2009-09-11,9.97,10.29,9.63,9.86,,,-0.20%,True
2009-09-14,9.72,9.98,9.64,9.94,,,+0.81%,True
2009-09-15,10.02,10.28,9.99,10.27,,,+3.32%,True
2009-09-16,10.45,10.63,10.35,10.47,,,+1.95%,True
2009-09-17,10.39,10.52,10.11,10.19,,,-2.67%,True
2009-09-18,10.24,10.24,9.98,10.12,,,-0.69%,True
2009-09-21,9.81,9.98,9.63,9.91,,,-2.08%,True
2009-09-22,10.19,10.42,10.11,10.25,,,+3.43%,True
2009-09-23,10.25,10.53,10.13,10.16,,,-0.88%,True
2009-09-24,10.16,10.24,9.61,9.74,,,-4.13%,True
2009-09-25,9.36,9.61,9.29,9.41,,,-3.39%,True
2009-09-28,9.48,9.72,9.36,9.68,,,+2.87%,True
2009-09-29,9.75,9.93,9.61,9.66,,,-0.21%,True
2009-09-30,9.8,9.84,9.46,9.58,,,-0.83%,True
2009-10-01,9.34,9.36,9.09,9.09,,,-5.11%,True
2009-10-02,8.97,9.3,8.92,9.02,,,-0.77%,True
2009-10-05,9.06,9.49,9.02,9.4,,,+4.21%,True
2009-10-06,9.63,9.89,9.58,9.74,,,+3.62%,True
2009-10-07,9.62,9.82,9.56,9.81,,,+0.72%,True
2009-10-08,9.95,10.35,9.91,10.21,,,+4.08%,True
2009-10-09,10.15,10.23,10.0,10.11,,,-0.98%,True
2009-10-12,10.28,10.38,10.18,10.22,,,+1.09%,True
2009-10-13,10.22,10.25,10.04,10.16,,,-0.59%,True
2009-10-14,10.37,10.55,10.24,10.52,,,+3.54%,True
2009-10-15,10.41,10.65,10.38,10.57,,,+0.48%,True
2009-10-16,10.43,10.45,10.18,10.28,,,-2.74%,True
2009-10-19,10.43,10.58,10.34,10.48,,,+1.95%,True
2009-10-20,10.61,10.61,10.26,10.42,,,-0.57%,True
2009-10-21,10.3,10.43,10.04,10.04,,,-3.65%,True
2009-10-22,10.01,10.02,9.62,9.93,,,-1.10%,True
2009-10-23,9.98,10.07,9.5,9.5,,,-4.33%,True
2009-10-26,9.64,9.8,9.24,9.25,,,-2.63%,True
2009-10-27,9.32,9.39,9.0,9.04,,,-2.27%,True
2009-10-28,9.02,9.04,8.39,8.41,,,-6.97%,True
2009-10-29,8.63,9.07,8.63,9.0,,,+7.02%,True
2009-10-30,8.96,9.0,8.52,8.61,,,-4.33%,True
2009-11-02,8.79,9.0,8.57,8.77,,,+1.86%,True
2009-11-03,8.71,8.98,8.61,8.9,,,+1.48%,True
2009-11-04,9.18,9.29,8.95,8.95,,,+0.56%,True
2009-11-05,8.96,9.43,8.95,9.43,,,+5.36%,True
2009-11-06,9.38,9.63,9.12,9.18,,,-2.65%,True
2009-11-09,9.34,9.61,9.33,9.59,,,+4.47%,True
2009-11-10,9.54,9.59,9.28,9.5,,,-0.94%,True
2009-11-11,9.64,9.64,9.41,9.51,,,+0.11%,True
2009-11-12,9.43,9.52,9.16,9.18,,,-3.47%,True
2009-11-13,9.25,9.4,9.19,9.32,,,+1.53%,True
2009-11-16,9.67,10.28,9.67,10.27,,,+10.19%,True
2009-11-17,10.2,10.35,10.05,10.31,,,+0.39%,True
2009-11-18,10.38,10.41,10.09,10.2,,,-1.07%,True
2009-11-19,10.07,10.07,9.71,9.93,,,-2.65%,True
2009-11-20,9.79,9.99,9.61,9.96,,,+0.30%,True
2009-11-23,10.21,10.29,9.92,9.99,,,+0.30%,True
2009-11-24,10.0,10.04,9.81,10.04,,,+0.50%,True
2009-11-25,10.17,10.2,10.04,10.18,,,+1.39%,True
2009-11-27,9.77,10.07,9.72,9.86,,,-3.14%,True
2009-11-30,9.95,9.98,9.68,9.77,,,-0.91%,True
2009-12-01,9.93,10.16,9.92,10.02,,,+2.56%,True
2009-12-02,10.03,10.35,10.02,10.31,,,+2.89%,True
2009-12-03,10.34,10.52,10.07,10.11,,,-1.94%,True
2009-12-04,10.36,10.46,9.86,10.05,,,-0.59%,True
2009-12-07,9.98,10.24,9.91,10.07,,,+0.20%,True
2009-12-08,9.94,10.0,9.79,9.93,,,-1.39%,True
2009-12-09,9.98,10.14,9.84,10.14,,,+2.11%,True
2009-12-10,10.24,10.35,10.11,10.17,,,+0.30%,True
2009-12-11,10.3,10.57,10.18,10.57,,,+3.93%,True
2009-12-14,10.69,11.29,10.69,11.25,,,+6.43%,True
2009-12-15,11.11,11.41,11.02,11.09,,,-1.42%,True
2009-12-16,11.26,11.43,11.22,11.29,,,+1.80%,True
2009-12-17,11.3,11.6,11.12,11.27,,,-0.18%,True
2009-12-18,11.53,11.6,11.14,11.35,,,+0.71%,True
2009-12-21,11.41,12.27,11.41,12.2,,,+7.49%,True
2009-12-22,12.17,12.49,11.82,12.47,,,+2.21%,True
2009-12-23,12.56,12.75,12.29,12.7,,,+1.84%,True
2009-12-24,12.8,13.0,12.79,12.86,,,+1.26%,True
2009-12-28,13.05,13.17,12.54,12.63,,,-1.79%,True
2009-12-29,12.73,12.77,12.31,12.4,,,-1.82%,True
2009-12-30,12.24,12.54,12.22,12.52,,,+0.97%,True
2009-12-31,12.52,12.85,12.52,12.53,,,+0.08%,True
2010-01-04,12.52,13.16,12.52,13.16,,,+5.03%,True
2010-01-05,13.22,13.75,13.22,13.61,,,+3.42%,True
2010-01-06,13.66,14.73,13.65,14.7,,,+8.01%,True
2010-01-07,14.57,14.68,14.18,14.6,,,-0.68%,True
2010-01-08,14.56,14.93,14.55,14.86,,,+1.78%,True
2010-01-11,15.26,15.27,14.34,14.66,,,-1.35%,True
2010-01-12,14.1,14.18,13.52,13.89,,,-5.25%,True
2010-01-13,13.97,14.16,13.43,14.14,,,+1.80%,True
2010-01-14,14.19,14.33,13.95,14.03,,,-0.78%,True
2010-01-15,14.05,14.13,13.61,13.77,,,-1.85%,True
2010-01-19,13.74,14.09,13.74,14.09,,,+2.32%,True
2010-01-20,14.09,14.09,13.46,13.6,,,-3.48%,True
2010-01-21,13.53,13.64,12.77,12.79,,,-5.96%,True
2010-01-22,12.35,13.11,12.27,12.43,,,-2.81%,True
2010-01-25,12.62,12.83,12.5,12.61,,,+1.45%,True
2010-01-26,12.4,12.74,12.09,12.26,,,-2.78%,True
2010-01-27,12.15,12.46,11.83,12.2,,,-0.49%,True
2010-01-28,12.38,12.47,11.82,12.06,,,-1.15%,True
2010-01-29,12.18,12.42,11.57,11.64,,,-3.48%,True
2010-02-01,11.8,12.35,11.77,12.26,,,+5.33%,True
2010-02-02,12.49,12.55,12.12,12.47,,,+1.71%,True
2010-02-03,12.44,12.58,12.01,12.09,,,-3.05%,True
2010-02-04,11.76,11.81,10.8,10.83,,,-10.42%,True
2010-02-05,10.8,11.25,10.55,11.24,,,+3.79%,True
2010-02-08,11.25,11.34,10.84,10.84,,,-3.56%,True
2010-02-09,10.84,11.4,10.84,11.21,,,+3.41%,True
2010-02-10,11.16,11.16,10.7,10.96,,,-2.23%,True
2010-02-11,11.06,11.3,10.84,11.24,,,+2.55%,True
2010-02-12,10.98,11.29,10.83,11.2,,,-0.36%,True
2010-02-16,11.47,11.75,11.41,11.74,,,+4.82%,True
2010-02-17,11.89,11.93,11.4,11.63,,,-0.94%,True
2010-02-18,11.6,11.84,11.56,11.79,,,+1.38%,True
2010-02-19,11.76,12.1,11.55,12.1,,,+2.63%,True
2010-02-22,12.2,12.4,12.14,12.21,,,+0.91%,True
2010-02-23,12.24,12.29,11.69,11.72,,,-4.01%,True
2010-02-24,11.83,11.93,11.55,11.66,,,-0.51%,True
2010-02-25,11.24,11.75,11.22,11.71,,,+0.43%,True
2010-02-26,11.72,11.84,11.46,11.83,,,+1.02%,True
2010-03-01,11.84,12.29,11.84,12.25,,,+3.55%,True
2010-03-02,12.36,12.52,12.17,12.47,,,+1.80%,True
2010-03-03,12.7,13.24,12.7,12.93,,,+3.69%,True
2010-03-04,12.97,13.21,12.85,13.17,,,+1.86%,True
2010-03-05,13.39,13.9,13.39,13.72,,,+4.18%,True
2010-03-08,13.84,13.9,13.63,13.68,,,-0.29%,True
2010-03-09,13.46,14.04,13.43,13.99,,,+2.27%,True
2010-03-10,14.05,14.18,14.04,14.08,,,+0.64%,True
2010-03-11,13.99,14.09,13.98,14.09,,,+0.07%,True
2010-03-12,14.24,14.14,14.14,14.14,,,+0.35%,False
2010-03-15,14.08,14.02,14.02,14.02,,,-0.85%,False
2010-03-16,14.17,14.38,14.17,14.38,,,+2.57%,True
2010-03-17,14.56,14.64,14.56,14.64,,,+1.81%,True
2010-03-18,14.64,14.57,14.57,14.57,,,-0.48%,False
2010-03-19,14.57,14.72,14.57,14.72,,,+1.03%,True
2010-03-22,14.49,14.93,14.49,14.93,,,+1.43%,True
2010-03-23,14.93,16.31,14.93,16.21,,,+8.57%,True
2010-03-24,16.21,16.97,16.21,16.97,,,+4.69%,True
2010-03-25,16.97,15.91,15.91,15.91,,,-6.25%,False
2010-03-26,15.91,16.2,15.91,16.2,,,+1.82%,True
2010-03-29,16.4,17.19,16.4,17.19,,,+6.11%,True
2010-03-30,17.19,16.7,16.52,16.52,,,-3.90%,False
2010-03-31,16.52,16.85,16.52,16.85,,,+2.00%,True
2010-04-01,16.85,16.87,16.85,16.87,,,+0.12%,True
2010-04-05,17.04,17.18,17.04,17.18,,,+1.84%,True
2010-04-06,17.18,17.04,16.92,16.92,,,-1.51%,False
2010-04-07,16.92,16.92,16.5,16.5,,,-2.48%,True
2010-04-08,16.5,16.67,16.5,16.67,,,+1.03%,True
2010-04-09,16.67,16.45,16.45,16.45,,,-1.32%,False
2010-04-12,16.48,16.99,16.48,16.99,,,+3.28%,True
2010-04-13,16.99,17.29,16.99,17.29,,,+1.77%,True
2010-04-14,17.29,17.06,17.06,17.06,,,-1.33%,False
2010-04-15,17.06,16.93,16.04,16.04,,,-5.98%,False
2010-04-16,16.04,16.2,16.04,16.2,,,+1.00%,True
2010-04-19,15.98,15.97,15.97,15.97,,,-1.42%,False
2010-04-20,15.97,15.86,15.86,15.86,,,-0.69%,False
2010-04-21,15.86,16.02,15.73,15.73,,,-0.82%,True
2010-04-22,15.73,16.42,15.73,16.3,,,+3.62%,True
2010-04-23,16.3,16.49,16.3,16.49,,,+1.17%,True
2010-04-26,16.7,16.52,16.33,16.33,,,-0.97%,False
2010-04-27,16.33,15.53,15.53,15.53,,,-4.90%,False
2010-04-28,15.53,15.83,15.53,15.83,,,+1.93%,True
2010-04-29,15.83,16.1,15.83,16.1,,,+1.71%,True
2010-04-30,16.1,15.45,15.45,15.45,443200.0,443.20K,-4.04%,False
2010-05-03,15.54,15.48,14.96,14.96,635600.0,635.60K,-3.17%,False
2010-05-04,14.96,14.51,14.12,14.12,770200.0,770.20K,-5.61%,False
2010-05-05,14.12,15.37,14.12,15.37,879500.0,879.50K,+8.85%,True
2010-05-06,15.37,16.28,15.37,16.28,2880000.0,2.88M,+5.92%,True
2010-05-07,16.28,15.62,15.62,15.62,2340000.0,2.34M,-4.05%,False
2010-05-10,16.29,16.63,16.17,16.17,1090000.0,1.09M,+3.52%,True
2010-05-11,16.17,16.6,16.17,16.6,908500.0,908.50K,+2.66%,True
2010-05-12,16.6,17.05,16.6,17.02,674500.0,674.50K,+2.53%,True
2010-05-13,17.02,17.44,17.02,17.13,1040000.0,1.04M,+0.65%,True
2010-05-14,17.13,16.83,16.83,16.83,1020000.0,1.02M,-1.75%,False
2010-05-17,16.74,16.99,16.74,16.99,894700.0,894.70K,+0.95%,True
2010-05-18,16.99,16.67,16.27,16.27,1210000.0,1.21M,-4.24%,False
2010-05-19,16.27,16.52,15.62,15.62,944000.0,944.00K,-4.00%,True
2010-05-20,15.62,15.03,15.03,15.03,1480000.0,1.48M,-3.78%,False
2010-05-24,15.72,16.15,15.09,15.09,920900.0,920.90K,+0.40%,True
2010-05-25,15.09,16.63,15.09,16.63,1860000.0,1.86M,+10.21%,True
2010-05-26,16.63,16.87,16.2,16.87,1960000.0,1.96M,+1.44%,True
2010-05-27,16.87,17.71,16.87,17.71,1100000.0,1.10M,+4.98%,True
2010-05-28,17.71,17.72,17.71,17.72,1320000.0,1.32M,+0.06%,True
2010-06-01,17.32,17.06,17.06,17.06,920100.0,920.10K,-3.72%,False
2010-06-02,17.06,18.22,17.06,18.22,1040000.0,1.04M,+6.80%,True
2010-06-03,18.22,18.22,17.2,17.2,823200.0,823.20K,-5.60%,True
2010-06-04,17.2,17.2,17.01,17.01,1050000.0,1.05M,-1.10%,True
2010-06-07,17.14,17.14,16.6,16.6,1030000.0,1.03M,-2.41%,True
2010-06-08,16.87,17.7,16.87,17.7,953600.0,953.60K,+6.63%,True
2010-06-09,17.7,18.69,17.7,18.69,1460000.0,1.46M,+5.59%,True
2010-06-10,18.69,18.81,18.68,18.81,1520000.0,1.52M,+0.64%,True
2010-06-11,18.81,19.58,18.77,19.58,874300.0,874.30K,+4.09%,True
2010-06-14,19.98,20.36,19.97,20.36,1200000.0,1.20M,+3.98%,True
2010-06-15,20.36,20.48,20.31,20.31,825800.0,825.80K,-0.25%,True
2010-06-16,20.31,20.32,20.13,20.13,1180000.0,1.18M,-0.89%,True
2010-06-17,20.13,20.14,19.97,20.14,942400.0,942.40K,+0.05%,True
2010-06-18,20.14,20.15,20.02,20.02,2160000.0,2.16M,-0.60%,True
2010-06-21,20.69,20.97,20.48,20.48,1130000.0,1.13M,+2.30%,True
2010-06-22,20.48,20.49,19.75,19.75,725500.0,725.50K,-3.56%,True
2010-06-23,19.75,19.94,19.68,19.68,1600000.0,1.60M,-0.35%,True
2010-06-24,19.68,19.69,19.39,19.39,999700.0,999.70K,-1.47%,True
2010-06-25,19.39,19.96,19.38,19.96,1490000.0,1.49M,+2.94%,True
2010-06-28,20.06,20.06,18.81,18.81,542500.0,542.50K,-5.76%,True
2010-06-29,18.81,18.82,17.74,17.74,1280000.0,1.28M,-5.69%,True
2010-06-30,17.74,17.76,17.65,17.65,737400.0,737.40K,-0.51%,True
2010-07-01,17.65,17.67,16.93,17.45,1200000.0,1.20M,-1.13%,True
2010-07-06,17.8,18.02,17.62,17.62,3370000.0,3.37M,+0.97%,True
2010-07-07,17.62,18.82,17.61,18.82,3860000.0,3.86M,+6.81%,True
2010-07-08,19.02,19.23,18.95,19.23,2920000.0,2.92M,+2.18%,True
2010-07-09,19.23,19.67,19.21,19.67,2520000.0,2.52M,+2.29%,True
2010-07-12,19.4,19.8,19.09,19.8,2940000.0,2.94M,+0.66%,True
2010-07-13,19.8,19.87,19.66,19.72,2910000.0,2.91M,-0.40%,True
2010-07-14,19.72,19.99,19.71,19.99,2820000.0,2.82M,+1.37%,True
2010-07-15,19.99,19.99,19.54,19.54,2890000.0,2.89M,-2.25%,True
2010-07-16,19.54,19.54,19.02,19.02,2580000.0,2.58M,-2.66%,True
2010-07-19,19.13,19.15,19.12,19.13,2270000.0,2.27M,+0.58%,True
2010-07-20,18.73,19.82,18.73,19.82,3030000.0,3.03M,+3.61%,True
2010-07-21,20.12,20.13,19.85,19.88,3840000.0,3.84M,+0.30%,True
2010-07-22,20.41,21.03,20.4,21.03,5260000.0,5.26M,+5.78%,True
2010-07-23,21.08,21.99,21.07,21.99,5640000.0,5.64M,+4.56%,True
2010-07-26,22.4,22.5,22.39,22.5,3350000.0,3.35M,+2.32%,True
2010-07-27,22.72,22.74,21.89,21.9,3250000.0,3.25M,-2.67%,True
2010-07-28,21.5,21.98,21.5,21.98,2890000.0,2.89M,+0.37%,True
2010-07-29,22.03,22.06,21.81,21.83,3380000.0,3.38M,-0.68%,True
2010-07-30,21.44,22.15,21.42,22.14,2330000.0,2.33M,+1.42%,True
2010-08-02,22.86,22.87,22.76,22.78,3300000.0,3.30M,+2.89%,True
2010-08-03,22.62,22.63,22.61,22.62,2340000.0,2.34M,-0.70%,True
2010-08-04,20.8,20.84,20.09,20.09,12050000.0,12.05M,-11.18%,True
2010-08-05,20.03,20.44,20.02,20.44,3420000.0,3.42M,+1.74%,True
2010-08-06,20.19,20.65,20.19,20.64,3940000.0,3.94M,+0.98%,True
2010-08-09,20.87,20.87,20.49,20.5,2460000.0,2.46M,-0.68%,True
2010-08-10,20.14,20.2,20.13,20.18,2670000.0,2.67M,-1.56%,True
2010-08-11,19.54,19.54,18.76,18.76,3910000.0,3.91M,-7.04%,True
2010-08-12,18.31,19.23,18.31,19.21,2940000.0,2.94M,+2.40%,True
2010-08-13,19.31,19.32,19.08,19.08,2340000.0,2.34M,-0.68%,True
2010-08-16,19.14,19.31,19.13,19.3,1670000.0,1.67M,+1.15%,True
2010-08-17,19.77,20.03,19.75,20.03,2590000.0,2.59M,+3.78%,True
2010-08-18,19.95,20.3,19.94,20.28,2610000.0,2.61M,+1.25%,True
2010-08-19,20.05,20.06,19.64,19.64,2420000.0,2.42M,-3.16%,True
2010-08-20,19.52,19.52,19.33,19.33,1830000.0,1.83M,-1.58%,True
2010-08-23,19.37,19.38,18.46,18.46,2820000.0,2.82M,-4.50%,True
2010-08-24,17.85,17.9,17.84,17.89,2920000.0,2.92M,-3.09%,True
2010-08-25,17.58,17.99,17.55,17.98,1960000.0,1.96M,+0.50%,True
2010-08-26,18.17,18.18,17.91,17.91,1950000.0,1.95M,-0.39%,True
2010-08-27,18.16,18.76,18.15,18.75,2290000.0,2.29M,+4.69%,True
2010-08-30,18.57,18.58,18.0,18.0,1780000.0,1.78M,-4.00%,True
2010-08-31,17.74,18.16,17.73,18.16,2420000.0,2.42M,+0.89%,True
2010-09-01,18.66,19.0,18.65,19.0,2250000.0,2.25M,+4.63%,True
2010-09-02,19.12,19.28,19.1,19.28,1600000.0,1.60M,+1.47%,True
2010-09-03,19.65,19.66,19.63,19.66,1870000.0,1.87M,+1.97%,True
2010-09-07,19.45,19.46,19.16,19.19,1920000.0,1.92M,-2.39%,True
2010-09-08,19.38,19.4,19.31,19.31,1710000.0,1.71M,+0.63%,True
2010-09-09,19.66,19.66,18.74,18.75,2500000.0,2.50M,-2.90%,True
2010-09-10,18.81,18.98,18.79,18.97,1730000.0,1.73M,+1.17%,True
2010-09-13,19.54,19.55,19.34,19.34,2009999.9999999998,2.01M,+1.95%,True
2010-09-14,19.19,19.19,18.72,18.72,2300000.0,2.30M,-3.21%,True
2010-09-15,18.42,18.7,18.4,18.67,2049999.9999999998,2.05M,-0.27%,True
2010-09-16,18.62,18.75,18.61,18.75,1600000.0,1.60M,+0.43%,True
2010-09-17,18.91,18.91,18.37,18.37,3010000.0,3.01M,-2.03%,True
2010-09-20,18.38,18.47,18.37,18.47,2760000.0,2.76M,+0.54%,True
2010-09-21,18.49,18.5,18.37,18.39,1740000.0,1.74M,-0.43%,True
2010-09-22,18.49,19.08,18.49,19.08,3590000.0,3.59M,+3.75%,True
2010-09-23,18.9,19.11,18.88,19.11,2180000.0,2.18M,+0.16%,True
2010-09-24,19.63,20.19,19.61,20.19,3170000.0,3.17M,+5.65%,True
2010-09-27,20.33,20.39,20.31,20.39,2160000.0,2.16M,+0.99%,True
2010-09-28,20.31,20.31,20.09,20.09,3120000.0,3.12M,-1.47%,True
2010-09-29,19.95,20.08,19.9,20.08,1430000.0,1.43M,-0.05%,True
2010-09-30,20.39,20.4,19.96,19.96,1510000.0,1.51M,-0.60%,True
2010-10-01,20.41,20.43,20.3,20.33,1610000.0,1.61M,+1.85%,True
2010-10-04,20.3,20.3,19.88,19.88,2029999.9999999998,2.03M,-2.21%,True
2010-10-05,20.18,20.63,20.17,20.63,2560000.0,2.56M,+3.77%,True
2010-10-06,20.81,20.82,20.35,20.39,2700000.0,2.70M,-1.16%,True
2010-10-07,20.44,20.44,19.84,19.85,2590000.0,2.59M,-2.65%,True
2010-10-08,20.02,20.52,20.02,20.52,2080000.0,2.08M,+3.38%,True
2010-10-11,20.59,20.6,20.37,20.4,1730000.0,1.73M,-0.58%,True
2010-10-12,20.21,20.27,20.2,20.26,1670000.0,1.67M,-0.69%,True
2010-10-13,20.52,20.79,20.52,20.79,1800000.0,1.80M,+2.62%,True
2010-10-14,20.88,20.88,20.38,20.38,1780000.0,1.78M,-1.97%,True
2010-10-15,20.62,20.62,20.31,20.34,2350000.0,2.35M,-0.20%,True
2010-10-18,20.12,20.13,20.08,20.08,1790000.0,1.79M,-1.28%,True
2010-10-19,19.77,19.77,19.03,19.03,3350000.0,3.35M,-5.23%,True
2010-10-20,19.25,19.32,19.24,19.32,2370000.0,2.37M,+1.52%,True
2010-10-21,19.37,19.38,19.02,19.04,2020000.0,2.02M,-1.45%,True
2010-10-22,19.03,19.05,18.82,18.84,1380000.0,1.38M,-1.05%,True
2010-10-25,19.13,19.22,19.12,19.22,2380000.0,2.38M,+2.02%,True
2010-10-26,18.89,19.4,18.88,19.4,3160000.0,3.16M,+0.94%,True
2010-10-27,19.12,19.38,19.1,19.38,3280000.0,3.28M,-0.10%,True
2010-10-28,19.56,19.58,19.42,19.44,2120000.0,2.12M,+0.31%,True
2010-10-29,19.23,19.66,19.22,19.66,1500000.0,1.50M,+1.13%,True
2010-11-01,19.87,19.88,19.46,19.46,1890000.0,1.89M,-1.02%,True
2010-11-02,19.81,19.87,19.25,19.28,2830000.0,2.83M,-0.92%,True
2010-11-03,19.32,19.34,18.57,18.59,4770000.0,4.77M,-3.58%,True
2010-11-04,18.95,19.25,18.95,19.25,2150000.0,2.15M,+3.55%,True
2010-11-05,19.26,19.27,19.24,19.26,2250000.0,2.25M,+0.05%,True
2010-11-08,19.13,19.16,19.08,19.09,1770000.0,1.77M,-0.88%,True
2010-11-09,19.13,19.14,18.96,18.98,3410000.0,3.41M,-0.58%,True
2010-11-10,18.98,18.99,18.73,18.73,3000000.0,3.00M,-1.32%,True
2010-11-11,18.66,18.87,18.65,18.87,2180000.0,2.18M,+0.75%,True
2010-11-12,18.54,18.55,18.19,18.19,2960000.0,2.96M,-3.60%,True
2010-11-15,18.21,18.22,17.63,17.66,2760000.0,2.76M,-2.91%,True
2010-11-16,17.36,17.37,17.16,17.16,2740000.0,2.74M,-2.83%,True
2010-11-17,17.28,17.29,17.13,17.14,2049999.9999999998,2.05M,-0.12%,True
2010-11-18,17.62,17.81,17.49,17.51,2220000.0,2.22M,+2.16%,True
2010-11-19,17.46,17.62,17.45,17.61,1870000.0,1.87M,+0.57%,True
2010-11-22,17.47,17.64,17.45,17.64,1770000.0,1.77M,+0.17%,True
2010-11-23,17.26,17.27,17.13,17.13,1770000.0,1.77M,-2.89%,True
2010-11-24,17.27,17.63,17.27,17.63,1250000.0,1.25M,+2.92%,True
2010-11-26,17.38,17.43,17.19,17.26,525900.0,525.90K,-2.10%,True
2010-11-29,17.15,17.45,16.81,17.42,2089999.9999999998,2.09M,+0.93%,True
2010-11-30,17.25,17.53,17.05,17.27,2060000.0,2.06M,-0.86%,True
2010-12-01,17.8,18.12,17.69,18.07,2370000.0,2.37M,+4.63%,True
2010-12-02,18.13,18.56,18.1,18.37,1640000.0,1.64M,+1.66%,True
2010-12-03,18.34,18.59,18.27,18.53,1490000.0,1.49M,+0.87%,True
2010-12-06,18.45,18.47,18.24,18.24,1740000.0,1.74M,-1.57%,True
2010-12-07,18.59,18.87,18.28,18.32,4210000.0,4.21M,+0.44%,True
2010-12-08,18.34,18.34,17.54,17.56,3250000.0,3.25M,-4.15%,True
2010-12-09,17.81,17.99,17.61,17.72,2089999.9999999998,2.09M,+0.91%,True
2010-12-10,17.7,17.78,17.45,17.71,1860000.0,1.86M,-0.06%,True
2010-12-13,17.88,17.96,17.02,17.07,8100000.0,8.10M,-3.61%,True
2010-12-14,17.08,17.19,16.65,16.98,4560000.0,4.56M,-0.53%,True
2010-12-15,16.84,17.12,16.84,17.05,2610000.0,2.61M,+0.41%,True
2010-12-16,17.06,17.26,16.95,17.02,2480000.0,2.48M,-0.18%,True
2010-12-17,17.16,18.15,17.16,18.08,6030000.0,6.03M,+6.23%,True
2010-12-20,18.13,18.13,17.34,17.34,3200000.0,3.20M,-4.09%,True
2010-12-21,17.44,17.48,17.31,17.33,1930000.0,1.93M,-0.06%,True
2010-12-22,17.33,17.36,16.98,17.0,1860000.0,1.86M,-1.90%,True
2010-12-23,16.96,17.3,16.91,17.11,1250000.0,1.25M,+0.65%,True
2010-12-27,17.04,17.04,16.67,16.72,1670000.0,1.67M,-2.28%,True
2010-12-28,16.84,17.28,16.69,17.01,1770000.0,1.77M,+1.73%,True
2010-12-29,17.05,17.17,16.91,17.03,1390000.0,1.39M,+0.12%,True
2010-12-30,17.06,17.45,17.06,17.24,1970000.0,1.97M,+1.23%,True
2010-12-31,17.2,17.3,17.04,17.18,1090000.0,1.09M,-0.35%,True
2011-01-03,17.35,17.38,17.01,17.02,2610000.0,2.61M,-0.93%,True
2011-01-04,17.02,17.17,16.56,16.69,3360000.0,3.36M,-1.94%,True
2011-01-05,16.68,17.15,16.52,17.07,2970000.0,2.97M,+2.28%,True
2011-01-06,17.12,17.75,17.09,17.71,4870000.0,4.87M,+3.75%,True
2011-01-07,17.78,17.8,17.19,17.44,2990000.0,2.99M,-1.52%,True
2011-01-10,17.33,17.33,16.95,17.12,2140000.0,2.14M,-1.83%,True
2011-01-11,17.18,17.5,17.13,17.5,1960000.0,1.96M,+2.22%,True
2011-01-12,17.73,18.65,17.65,18.51,5480000.0,5.48M,+5.77%,True
2011-01-13,18.62,18.84,18.35,18.4,3530000.0,3.53M,-0.59%,True
2011-01-14,18.32,18.54,18.11,18.3,2640000.0,2.64M,-0.54%,True
2011-01-18,18.63,19.29,18.63,19.16,3980000.0,3.98M,+4.70%,True
2011-01-19,19.27,19.27,18.43,18.59,4040000.0,4.04M,-2.97%,True
2011-01-20,18.62,18.63,18.04,18.42,3130000.0,3.13M,-0.91%,True
2011-01-21,18.61,18.69,17.97,17.99,2430000.0,2.43M,-2.33%,True
2011-01-24,18.05,18.35,18.02,18.07,2100000.0,2.10M,+0.44%,True
2011-01-25,17.99,17.99,17.55,17.89,2850000.0,2.85M,-1.00%,True
2011-01-26,18.34,19.37,18.29,19.3,5170000.0,5.17M,+7.88%,True
2011-01-27,19.36,19.36,18.66,19.04,2970000.0,2.97M,-1.35%,True
2011-01-28,19.08,19.25,18.43,18.52,2110000.0,2.11M,-2.73%,True
2011-01-31,18.67,18.93,18.6,18.85,1630000.0,1.63M,+1.78%,True
2011-02-01,19.04,19.65,19.04,19.37,3600000.0,3.60M,+2.76%,True
2011-02-02,19.38,19.48,19.11,19.12,1820000.0,1.82M,-1.29%,True
2011-02-03,19.15,19.37,18.62,19.37,2360000.0,2.36M,+1.31%,True
2011-02-04,19.36,19.49,18.88,19.36,1890000.0,1.89M,-0.05%,True
2011-02-07,19.62,19.77,19.27,19.56,1920000.0,1.92M,+1.03%,True
2011-02-08,19.66,19.74,19.31,19.54,1290000.0,1.29M,-0.10%,True
2011-02-09,19.43,19.5,18.76,18.96,2170000.0,2.17M,-2.97%,True
2011-02-10,18.8,19.66,18.79,19.3,2840000.0,2.84M,+1.79%,True
2011-02-11,19.22,19.61,19.14,19.57,1750000.0,1.75M,+1.40%,True
2011-02-14,19.58,20.69,19.58,20.43,3800000.0,3.80M,+4.39%,True
2011-02-15,20.39,20.6,20.01,20.07,1570000.0,1.57M,-1.76%,True
2011-02-16,20.34,20.49,20.06,20.48,1530000.0,1.53M,+2.04%,True
2011-02-18,20.59,20.61,19.95,20.14,2320000.0,2.32M,-1.66%,True
2011-02-22,19.79,20.08,19.07,19.25,3490000.0,3.49M,-4.42%,True
2011-02-23,19.27,19.4,18.57,19.07,2680000.0,2.68M,-0.94%,True
2011-02-24,19.12,19.48,18.42,18.86,3490000.0,3.49M,-1.10%,True
2011-02-25,19.14,19.15,18.78,19.15,2420000.0,2.42M,+1.54%,True
2011-02-28,19.38,19.63,18.8,18.99,2410000.0,2.41M,-0.84%,True
2011-03-01,19.1,19.1,17.78,17.82,5290000.0,5.29M,-6.16%,True
2011-03-02,17.84,18.27,17.76,17.97,2310000.0,2.31M,+0.84%,True
2011-03-03,18.34,18.45,18.12,18.41,2170000.0,2.17M,+2.45%,True
2011-03-04,18.38,18.48,17.93,18.16,1610000.0,1.61M,-1.36%,True
2011-03-07,18.28,18.34,17.58,17.78,2310000.0,2.31M,-2.09%,True
2011-03-08,17.77,18.15,17.34,17.9,2560000.0,2.56M,+0.67%,True
2011-03-09,17.93,18.14,17.51,17.62,2150000.0,2.15M,-1.56%,True
2011-03-10,17.33,17.48,17.11,17.25,2640000.0,2.64M,-2.10%,True
2011-03-11,17.2,18.13,17.2,17.99,2670000.0,2.67M,+4.29%,True
2011-03-14,17.74,17.95,17.55,17.84,2490000.0,2.49M,-0.83%,True
2011-03-15,17.11,17.99,17.06,17.8,3090000.0,3.09M,-0.22%,True
2011-03-16,17.87,17.99,17.11,17.35,2890000.0,2.89M,-2.53%,True
2011-03-17,17.77,17.8,17.35,17.41,1820000.0,1.82M,+0.35%,True
2011-03-18,17.73,17.74,17.2,17.38,4059999.9999999995,4.06M,-0.17%,True
2011-03-21,17.66,17.78,17.46,17.78,1580000.0,1.58M,+2.30%,True
2011-03-22,17.73,17.78,17.4,17.63,1630000.0,1.63M,-0.84%,True
2011-03-23,17.6,17.78,17.35,17.73,1880000.0,1.88M,+0.57%,True
2011-03-24,17.82,17.85,17.44,17.71,2980000.0,2.98M,-0.11%,True
2011-03-25,17.95,18.47,17.85,18.1,3040000.0,3.04M,+2.20%,True
2011-03-28,18.15,18.27,17.88,17.93,1940000.0,1.94M,-0.94%,True
2011-03-29,17.92,18.26,17.77,18.15,1570000.0,1.57M,+1.23%,True
2011-03-30,18.35,18.45,17.95,18.3,1940000.0,1.94M,+0.83%,True
2011-03-31,18.29,18.6,18.2,18.58,2089999.9999999998,2.09M,+1.53%,True
2011-04-01,18.65,18.74,18.37,18.57,1870000.0,1.87M,-0.05%,True
2011-04-04,18.72,18.88,18.45,18.76,1860000.0,1.86M,+1.02%,True
2011-04-05,18.75,19.19,18.6,18.95,2230000.0,2.23M,+1.01%,True
2011-04-06,19.13,19.15,18.59,18.75,1890000.0,1.89M,-1.06%,True
2011-04-07,18.72,18.97,18.48,18.7,1710000.0,1.71M,-0.27%,True
2011-04-08,18.88,18.94,18.29,18.4,1740000.0,1.74M,-1.60%,True
2011-04-11,19.02,19.04,18.41,18.46,2520000.0,2.52M,+0.33%,True
2011-04-12,18.35,18.52,18.08,18.14,2260000.0,2.26M,-1.73%,True
2011-04-13,18.3,18.38,17.82,17.87,2130000.0,2.13M,-1.49%,True
2011-04-14,17.77,18.16,17.7,17.88,1650000.0,1.65M,+0.06%,True
2011-04-15,17.94,18.24,17.7,18.08,2300000.0,2.30M,+1.12%,True
2011-04-18,17.95,17.96,17.51,17.72,2060000.0,2.06M,-1.99%,True
2011-04-19,17.73,17.92,17.65,17.88,1560000.0,1.56M,+0.90%,True
2011-04-20,18.2,18.48,18.13,18.24,2530000.0,2.53M,+2.01%,True
2011-04-21,18.4,18.75,18.38,18.75,1610000.0,1.61M,+2.80%,True
2011-04-25,18.81,18.98,18.73,18.94,1530000.0,1.53M,+1.01%,True
2011-04-26,19.08,19.6,18.91,19.5,3170000.0,3.17M,+2.96%,True
2011-04-27,19.52,19.74,18.95,19.71,2470000.0,2.47M,+1.08%,True
2011-04-28,19.72,19.93,19.45,19.77,2260000.0,2.26M,+0.30%,True
2011-04-29,19.87,20.2,19.56,20.03,2270000.0,2.27M,+1.32%,True
2011-05-02,20.19,20.19,19.4,19.43,2410000.0,2.41M,-3.00%,True
2011-05-03,19.52,20.36,19.42,20.03,3540000.0,3.54M,+3.09%,True
2011-05-04,20.02,20.19,19.6,19.79,3450000.0,3.45M,-1.20%,True
2011-05-05,19.51,19.77,19.06,19.13,3440000.0,3.44M,-3.34%,True
2011-05-06,19.44,19.54,18.73,18.98,2920000.0,2.92M,-0.78%,True
2011-05-09,19.08,19.53,19.01,19.5,2140000.0,2.14M,+2.74%,True
2011-05-10,19.6,20.22,19.53,19.89,3520000.0,3.52M,+2.00%,True
2011-05-11,19.83,19.83,19.26,19.41,3200000.0,3.20M,-2.41%,True
2011-05-12,19.27,19.83,19.06,19.44,2760000.0,2.76M,+0.15%,True
2011-05-13,19.47,19.62,19.07,19.23,1880000.0,1.88M,-1.08%,True
2011-05-16,19.14,19.72,18.95,19.33,2200000.0,2.20M,+0.52%,True
2011-05-17,19.22,19.41,18.81,19.12,2810000.0,2.81M,-1.09%,True
2011-05-18,19.24,19.45,19.17,19.33,2260000.0,2.26M,+1.10%,True
2011-05-19,19.38,19.45,18.91,19.03,2160000.0,2.16M,-1.55%,True
2011-05-20,19.02,19.05,18.54,18.92,3310000.0,3.31M,-0.58%,True
2011-05-23,18.61,18.72,18.15,18.45,3450000.0,3.45M,-2.48%,True
2011-05-24,18.55,18.77,18.15,18.28,2540000.0,2.54M,-0.92%,True
2011-05-25,18.18,18.37,17.96,18.25,3800000.0,3.80M,-0.16%,True
2011-05-26,18.26,18.38,18.09,18.25,2120000.0,2.12M,0.00%,True
2011-05-27,18.42,18.85,18.34,18.51,2120000.0,2.12M,+1.42%,True
2011-05-31,18.78,18.93,18.35,18.73,2210000.0,2.21M,+1.19%,True
2011-06-01,18.67,18.67,17.92,17.99,2230000.0,2.23M,-3.95%,True
2011-06-02,18.02,18.49,17.94,18.16,1930000.0,1.93M,+0.94%,True
2011-06-03,17.86,18.02,17.7,17.72,1880000.0,1.88M,-2.42%,True
2011-06-06,17.67,17.73,17.2,17.2,2270000.0,2.27M,-2.93%,True
2011-06-07,17.36,17.41,17.09,17.09,1790000.0,1.79M,-0.64%,True
2011-06-08,16.98,17.17,16.87,16.99,3450000.0,3.45M,-0.59%,True
2011-06-09,17.09,17.45,16.95,17.25,2770000.0,2.77M,+1.53%,True
2011-06-10,17.12,17.24,16.88,16.94,2470000.0,2.47M,-1.80%,True
2011-06-13,16.74,16.94,16.42,16.66,3650000.0,3.65M,-1.65%,True
2011-06-14,16.88,17.13,16.83,16.96,1940000.0,1.94M,+1.80%,True
2011-06-15,16.77,16.85,16.27,16.53,2530000.0,2.53M,-2.54%,True
2011-06-16,16.51,16.55,16.05,16.4,3120000.0,3.12M,-0.79%,True
2011-06-17,16.63,16.69,16.24,16.48,2580000.0,2.58M,+0.49%,True
2011-06-20,16.4,16.91,16.4,16.77,2550000.0,2.55M,+1.76%,True
2011-06-21,16.91,17.34,16.83,17.3,2580000.0,2.58M,+3.16%,True
2011-06-22,17.29,17.55,17.24,17.29,2430000.0,2.43M,-0.06%,True
2011-06-23,16.88,17.45,16.61,17.45,3480000.0,3.48M,+0.93%,True
2011-06-24,17.61,17.84,17.22,17.28,2700000.0,2.70M,-0.97%,True
2011-06-27,17.24,17.45,17.06,17.31,1510000.0,1.51M,+0.17%,True
2011-06-28,17.44,17.75,17.4,17.75,1330000.0,1.33M,+2.54%,True
2011-06-29,17.88,18.15,17.74,18.0,2280000.0,2.28M,+1.41%,True
2011-06-30,18.1,18.48,18.1,18.32,2020000.0,2.02M,+1.78%,True
2011-07-01,18.31,18.56,18.06,18.46,1600000.0,1.60M,+0.76%,True
2011-07-05,18.43,18.55,18.31,18.4,1240000.0,1.24M,-0.33%,True
2011-07-06,18.3,18.39,18.07,18.24,1560000.0,1.56M,-0.87%,True
2011-07-07,18.48,18.7,18.44,18.58,1380000.0,1.38M,+1.86%,True
2011-07-08,18.22,18.38,18.1,18.29,1340000.0,1.34M,-1.56%,True
2011-07-11,18.02,18.04,17.59,17.75,1690000.0,1.69M,-2.95%,True
2011-07-12,17.69,17.91,17.62,17.66,1650000.0,1.65M,-0.51%,True
2011-07-13,17.94,18.93,17.92,18.9,4800000.0,4.80M,+7.02%,True
2011-07-14,18.83,18.95,18.15,18.27,3380000.0,3.38M,-3.33%,True
2011-07-15,18.41,18.74,18.2,18.68,2650000.0,2.65M,+2.24%,True
2011-07-18,18.6,18.78,18.18,18.29,1830000.0,1.83M,-2.09%,True
2011-07-19,18.48,18.74,18.48,18.64,1430000.0,1.43M,+1.91%,True
2011-07-20,18.76,18.78,18.52,18.58,1480000.0,1.48M,-0.32%,True
2011-07-21,18.74,19.19,18.59,18.99,2540000.0,2.54M,+2.21%,True
2011-07-22,18.99,19.09,18.84,19.01,899840.0,899.84K,+0.11%,True
2011-07-25,18.77,18.88,18.68,18.79,1240000.0,1.24M,-1.16%,True
2011-07-26,18.74,18.79,18.52,18.61,1120000.0,1.12M,-0.96%,True
2011-07-27,18.45,18.55,18.13,18.14,2210000.0,2.21M,-2.53%,True
2011-07-28,18.18,18.38,17.87,17.93,1730000.0,1.73M,-1.16%,True
2011-07-29,17.67,17.98,17.38,17.79,1940000.0,1.94M,-0.78%,True
2011-08-01,18.15,18.15,17.51,17.71,1670000.0,1.67M,-0.45%,True
2011-08-02,17.56,18.09,16.81,16.86,3320000.0,3.32M,-4.80%,True
2011-08-03,16.99,17.02,16.13,16.35,4210000.0,4.21M,-3.02%,True
2011-08-04,16.14,16.14,14.83,14.83,5820000.0,5.82M,-9.30%,True
2011-08-05,15.23,15.35,14.06,14.65,5480000.0,5.48M,-1.21%,True
2011-08-08,13.77,14.0,13.29,13.43,5860000.0,5.86M,-8.33%,True
2011-08-09,13.78,14.57,13.36,14.57,5800000.0,5.80M,+8.49%,True
2011-08-10,14.06,14.4,13.8,13.81,4770000.0,4.77M,-5.22%,True
2011-08-11,13.89,14.68,13.77,14.49,3630000.0,3.63M,+4.92%,True
2011-08-12,14.76,14.92,14.4,14.69,2500000.0,2.50M,+1.38%,True
2011-08-15,14.96,15.11,14.77,14.98,2320000.0,2.32M,+1.97%,True
2011-08-16,14.79,14.81,14.29,14.4,2750000.0,2.75M,-3.87%,True
2011-08-17,14.54,14.77,14.17,14.29,1900000.0,1.90M,-0.76%,True
2011-08-18,13.68,14.06,13.3,13.83,3680000.0,3.68M,-3.22%,True
2011-08-19,13.63,14.21,13.55,13.57,2870000.0,2.87M,-1.88%,True
2011-08-22,14.0,14.0,13.48,13.51,2480000.0,2.48M,-0.44%,True
2011-08-23,13.65,14.0,13.5,13.97,2420000.0,2.42M,+3.40%,True
2011-08-24,13.89,14.11,13.64,14.11,1980000.0,1.98M,+1.00%,True
2011-08-25,14.19,14.27,13.64,13.72,1750000.0,1.75M,-2.76%,True
2011-08-26,13.55,14.27,13.3,14.15,2150000.0,2.15M,+3.13%,True
2011-08-29,14.45,15.41,14.41,15.41,2770000.0,2.77M,+8.90%,True
2011-08-30,15.29,15.85,15.12,15.77,2600000.0,2.60M,+2.34%,True
2011-08-31,15.93,16.19,15.81,16.03,3020000.0,3.02M,+1.65%,True
2011-09-01,15.95,16.15,15.6,15.61,2660000.0,2.66M,-2.62%,True
2011-09-02,15.02,15.29,14.95,15.17,1850000.0,1.85M,-2.82%,True
2011-09-06,14.56,15.02,14.54,14.97,2270000.0,2.27M,-1.32%,True
2011-09-07,15.22,15.47,15.15,15.38,1920000.0,1.92M,+2.74%,True
2011-09-08,15.23,15.41,14.93,15.03,1820000.0,1.82M,-2.28%,True
2011-09-09,14.82,14.98,14.41,14.8,2420000.0,2.42M,-1.53%,True
2011-09-12,14.52,14.92,14.34,14.76,2210000.0,2.21M,-0.27%,True
2011-09-13,14.78,15.15,14.65,15.0,1710000.0,1.71M,+1.63%,True
2011-09-14,15.05,15.48,14.77,15.29,1970000.0,1.97M,+1.93%,True
2011-09-15,15.47,15.86,15.35,15.85,2100000.0,2.10M,+3.66%,True
2011-09-16,15.92,16.05,15.66,16.04,3620000.0,3.62M,+1.20%,True
2011-09-19,15.53,16.34,15.51,16.27,3120000.0,3.12M,+1.43%,True
2011-09-20,16.33,16.42,15.7,15.7,2790000.0,2.79M,-3.50%,True
2011-09-21,15.75,16.15,15.46,15.46,2930000.0,2.93M,-1.53%,True
2011-09-22,14.79,15.13,14.35,14.64,5190000.0,5.19M,-5.30%,True
2011-09-23,14.54,14.77,14.33,14.52,3250000.0,3.25M,-0.82%,True
2011-09-26,14.72,15.21,14.35,15.2,2510000.0,2.51M,+4.68%,True
2011-09-27,15.83,16.24,15.63,15.76,3430000.0,3.43M,+3.68%,True
2011-09-28,15.81,15.81,15.02,15.1,2820000.0,2.82M,-4.19%,True
2011-09-29,15.58,15.65,15.06,15.49,2330000.0,2.33M,+2.58%,True
2011-09-30,15.12,15.49,14.93,14.98,2350000.0,2.35M,-3.29%,True
2011-10-03,14.82,15.2,14.14,14.14,3020000.0,3.02M,-5.61%,True
2011-10-04,13.93,14.55,13.53,14.55,3660000.0,3.66M,+2.90%,True
2011-10-05,14.56,15.2,14.39,15.18,3240000.0,3.24M,+4.33%,True
2011-10-06,15.18,15.52,14.9,15.32,2190000.0,2.19M,+0.92%,True
2011-10-07,15.5,15.5,14.75,14.86,2049999.9999999998,2.05M,-3.00%,True
2011-10-10,15.28,15.43,15.07,15.38,1840000.0,1.84M,+3.50%,True
2011-10-11,15.2,15.68,15.13,15.61,1750000.0,1.75M,+1.50%,True
2011-10-12,15.77,16.24,15.77,15.93,2120000.0,2.12M,+2.05%,True
2011-10-13,15.84,15.87,15.45,15.76,1640000.0,1.64M,-1.07%,True
2011-10-14,16.09,16.22,15.77,16.18,1320000.0,1.32M,+2.66%,True
2011-10-17,16.08,16.09,15.46,15.52,1680000.0,1.68M,-4.08%,True
2011-10-18,15.42,16.08,15.16,15.97,2069999.9999999998,2.07M,+2.90%,True
2011-10-19,15.88,15.97,15.4,15.47,1520000.0,1.52M,-3.13%,True
2011-10-20,15.55,15.55,15.01,15.49,1860000.0,1.86M,+0.13%,True
2011-10-21,15.69,15.9,15.46,15.86,1890000.0,1.89M,+2.39%,True
2011-10-24,15.97,16.63,15.94,16.63,1530000.0,1.53M,+4.85%,True
2011-10-25,16.59,16.59,15.93,15.97,1750000.0,1.75M,-3.97%,True
2011-10-26,16.35,16.56,15.86,16.5,1930000.0,1.93M,+3.32%,True
2011-10-27,17.09,17.7,16.95,17.46,2160000.0,2.16M,+5.82%,True
2011-10-28,17.42,17.95,17.23,17.73,1740000.0,1.74M,+1.55%,True
2011-10-31,17.4,17.4,16.75,16.75,1550000.0,1.55M,-5.53%,True
2011-11-01,15.43,16.74,15.43,16.4,2960000.0,2.96M,-2.09%,True
2011-11-02,16.76,17.06,16.4,16.91,2200000.0,2.20M,+3.11%,True
2011-11-03,16.41,16.59,15.4,15.88,5240000.0,5.24M,-6.09%,True
2011-11-04,15.77,15.96,15.54,15.82,2760000.0,2.76M,-0.38%,True
2011-11-07,15.95,16.02,15.41,15.75,2089999.9999999998,2.09M,-0.44%,True
2011-11-08,15.82,16.11,15.55,16.03,1960000.0,1.96M,+1.78%,True
2011-11-09,15.47,15.67,14.98,15.05,2590000.0,2.59M,-6.11%,True
2011-11-10,15.3,15.41,14.98,15.22,1550000.0,1.55M,+1.13%,True
2011-11-11,15.43,15.8,15.4,15.6,1340000.0,1.34M,+2.50%,True
2011-11-14,15.58,16.13,15.54,15.88,2680000.0,2.68M,+1.79%,True
2011-11-15,15.79,16.12,15.65,16.02,1490000.0,1.49M,+0.88%,True
2011-11-16,15.67,16.13,15.63,15.68,1970000.0,1.97M,-2.12%,True
2011-11-17,15.62,15.77,15.09,15.2,1990000.0,1.99M,-3.06%,True
2011-11-18,15.37,15.43,15.06,15.13,1300000.0,1.30M,-0.46%,True
2011-11-21,14.86,14.98,14.5,14.77,1810000.0,1.81M,-2.38%,True
2011-11-22,14.75,14.87,14.46,14.57,1570000.0,1.57M,-1.35%,True
2011-11-23,14.38,14.39,14.01,14.1,1630000.0,1.63M,-3.23%,True
2011-11-25,14.04,14.31,14.04,14.13,587510.0,587.51K,+0.21%,True
2011-11-28,14.8,14.86,14.49,14.65,1470000.0,1.47M,+3.68%,True
2011-11-29,14.6,14.79,14.51,14.57,1460000.0,1.46M,-0.55%,True
2011-11-30,15.25,15.67,15.25,15.58,2220000.0,2.22M,+6.93%,True
2011-12-01,15.53,15.6,15.21,15.29,1510000.0,1.51M,-1.86%,True
2011-12-02,15.51,15.56,15.17,15.19,1360000.0,1.36M,-0.65%,True
2011-12-05,15.51,16.44,15.45,16.21,4710000.0,4.71M,+6.71%,True
2011-12-06,16.19,16.52,15.92,16.45,2280000.0,2.28M,+1.48%,True
2011-12-07,16.35,16.36,16.02,16.25,1920000.0,1.92M,-1.22%,True
2011-12-08,16.07,16.11,15.51,15.56,1920000.0,1.92M,-4.25%,True
2011-12-09,15.66,16.2,15.57,16.1,1560000.0,1.56M,+3.47%,True
2011-12-12,15.82,15.82,15.34,15.51,1890000.0,1.89M,-3.66%,True
2011-12-13,15.65,15.77,14.89,15.02,1610000.0,1.61M,-3.16%,True
2011-12-14,14.88,14.96,14.47,14.65,2049999.9999999998,2.05M,-2.46%,True
2011-12-15,14.89,14.97,14.57,14.71,1450000.0,1.45M,+0.41%,True
2011-12-16,14.88,15.15,14.71,14.86,2040000.0,2.04M,+1.02%,True
2011-12-19,14.94,14.96,14.34,14.41,1350000.0,1.35M,-3.03%,True
2011-12-20,14.82,15.2,14.81,15.08,1410000.0,1.41M,+4.65%,True
2011-12-21,15.04,15.22,14.81,15.08,1380000.0,1.38M,0.00%,True
2011-12-22,15.16,15.61,15.16,15.41,1510000.0,1.51M,+2.19%,True
2011-12-23,15.48,15.55,15.38,15.46,799550.0,799.55K,+0.32%,True
2011-12-27,15.38,15.52,15.27,15.32,624620.0,624.62K,-0.91%,True
2011-12-28,15.35,15.43,14.86,14.97,1470000.0,1.47M,-2.28%,True
2011-12-29,14.99,15.11,14.86,15.0,938340.0,938.34K,+0.20%,True
2011-12-30,15.04,15.11,14.98,14.98,742580.0,742.58K,-0.13%,True
2012-01-03,15.53,15.73,15.38,15.58,1620000.0,1.62M,+4.01%,True
2012-01-04,15.48,15.65,15.31,15.47,1240000.0,1.24M,-0.71%,True
2012-01-05,15.33,15.33,14.96,15.17,1990000.0,1.99M,-1.94%,True
2012-01-06,15.2,15.42,14.96,15.35,1310000.0,1.31M,+1.19%,True
2012-01-09,15.45,15.55,15.29,15.43,1130000.0,1.13M,+0.52%,True
2012-01-10,15.69,15.87,15.61,15.64,1570000.0,1.57M,+1.36%,True
2012-01-11,15.59,15.86,15.51,15.83,1160000.0,1.16M,+1.21%,True
2012-01-12,15.93,16.1,15.8,16.06,974540.0,974.54K,+1.45%,True
2012-01-13,15.84,15.96,15.59,15.94,1120000.0,1.12M,-0.75%,True
2012-01-17,16.15,16.22,15.85,15.93,1160000.0,1.16M,-0.06%,True
2012-01-18,15.96,16.3,15.81,16.26,1020000.0,1.02M,+2.07%,True
2012-01-19,16.31,16.54,16.2,16.42,841410.0,841.41K,+0.98%,True
2012-01-20,16.36,16.42,16.19,16.28,1000000.0,1.00M,-0.85%,True
2012-01-23,16.16,16.35,15.99,16.11,1240000.0,1.24M,-1.04%,True
2012-01-24,15.93,16.24,15.88,16.21,773350.0,773.35K,+0.62%,True
2012-01-25,16.01,16.23,15.86,16.12,1690000.0,1.69M,-0.56%,True
2012-01-26,16.23,16.33,15.93,16.01,1820000.0,1.82M,-0.68%,True
2012-01-27,15.95,16.0,15.8,15.95,1020000.0,1.02M,-0.37%,True
2012-01-30,15.7,15.83,15.55,15.69,1010000.0,1.01M,-1.63%,True
2012-01-31,15.8,15.9,15.31,15.38,1670000.0,1.67M,-1.98%,True
2012-02-01,15.53,15.65,15.35,15.4,2360000.0,2.36M,+0.13%,True
2012-02-02,15.48,15.85,15.38,15.61,1250000.0,1.25M,+1.36%,True
2012-02-03,15.82,16.12,15.77,16.11,1260000.0,1.26M,+3.20%,True
2012-02-06,16.01,16.13,15.9,16.06,756950.0,756.95K,-0.31%,True
2012-02-07,15.98,15.99,15.67,15.84,1530000.0,1.53M,-1.37%,True
2012-02-08,15.9,15.9,15.41,15.42,2049999.9999999998,2.05M,-2.65%,True
2012-02-09,15.49,15.56,15.27,15.43,1520000.0,1.52M,+0.06%,True
2012-02-10,15.15,15.17,14.86,14.89,1920000.0,1.92M,-3.50%,True
2012-02-13,15.04,15.14,14.86,15.05,1040000.0,1.04M,+1.07%,True
2012-02-14,14.96,14.98,14.67,14.9,1510000.0,1.51M,-1.00%,True
2012-02-15,14.98,15.01,14.66,14.76,1250000.0,1.25M,-0.94%,True
2012-02-16,14.73,15.02,14.61,14.95,1420000.0,1.42M,+1.29%,True
2012-02-17,15.0,15.02,14.77,14.85,827820.0,827.82K,-0.67%,True
2012-02-21,14.98,15.16,14.88,15.0,1660000.0,1.66M,+1.01%,True
2012-02-22,14.96,15.09,14.84,14.87,1340000.0,1.34M,-0.87%,True
2012-02-23,14.92,15.15,14.8,14.98,1050000.0,1.05M,+0.74%,True
2012-02-24,14.99,15.2,14.98,14.99,1030000.0,1.03M,+0.07%,True
2012-02-27,14.89,15.07,14.76,14.99,1110000.0,1.11M,0.00%,True
2012-02-28,14.96,15.0,14.84,14.93,985010.0,985.01K,-0.40%,True
2012-02-29,14.91,15.1,14.59,14.66,2029999.9999999998,2.03M,-1.81%,True
2012-03-01,14.68,14.74,14.39,14.39,2270000.0,2.27M,-1.84%,True
2012-03-02,14.43,14.43,13.92,14.12,2750000.0,2.75M,-1.88%,True
2012-03-05,14.09,14.1,13.72,13.9,2260000.0,2.26M,-1.56%,True
2012-03-06,13.64,13.64,13.41,13.5,1970000.0,1.97M,-2.88%,True
2012-03-07,13.52,13.59,13.36,13.51,1120000.0,1.12M,+0.07%,True
2012-03-08,13.68,13.91,13.61,13.75,1840000.0,1.84M,+1.78%,True
2012-03-09,13.78,14.14,13.74,13.87,1440000.0,1.44M,+0.87%,True
2012-03-12,13.82,14.07,13.61,13.64,1220000.0,1.22M,-1.66%,True
2012-03-13,13.71,13.92,13.7,13.89,1510000.0,1.51M,+1.83%,True
2012-03-14,13.84,13.92,13.61,13.68,1440000.0,1.44M,-1.51%,True
2012-03-15,13.72,14.02,13.67,13.91,1290000.0,1.29M,+1.68%,True
2012-03-16,13.96,14.14,13.88,14.02,1980000.0,1.98M,+0.79%,True
2012-03-19,14.06,14.36,13.93,14.14,1760000.0,1.76M,+0.86%,True
2012-03-20,13.98,14.08,13.72,14.05,1330000.0,1.33M,-0.64%,True
2012-03-21,14.07,14.11,13.87,13.96,948950.0,948.95K,-0.64%,True
2012-03-22,13.8,13.8,13.43,13.64,1860000.0,1.86M,-2.29%,True
2012-03-23,13.62,13.82,13.52,13.64,1250000.0,1.25M,0.00%,True
2012-03-26,13.8,13.91,13.63,13.74,943050.0,943.05K,+0.73%,True
2012-03-27,13.78,14.05,13.72,13.8,2080000.0,2.08M,+0.44%,True
2012-03-28,13.77,13.77,13.42,13.58,1240000.0,1.24M,-1.59%,True
2012-03-29,13.46,13.62,13.31,13.61,1210000.0,1.21M,+0.22%,True
2012-03-30,13.72,13.74,13.47,13.56,1240000.0,1.24M,-0.37%,True
2012-04-02,13.56,13.76,13.45,13.65,1680000.0,1.68M,+0.66%,True
2012-04-03,13.67,13.67,13.35,13.45,1960000.0,1.96M,-1.47%,True
2012-04-04,13.35,13.35,13.12,13.14,1940000.0,1.94M,-2.30%,True
2012-04-05,13.12,13.32,13.0,13.05,1480000.0,1.48M,-0.68%,True
2012-04-09,12.84,13.02,12.75,13.01,1600000.0,1.60M,-0.31%,True
2012-04-10,12.97,13.03,12.79,12.97,2420000.0,2.42M,-0.31%,True
2012-04-11,13.13,13.48,13.13,13.39,2590000.0,2.59M,+3.24%,True
2012-04-12,13.45,14.05,13.45,14.0,2820000.0,2.82M,+4.56%,True
2012-04-13,13.92,13.99,13.72,13.82,2170000.0,2.17M,-1.29%,True
2012-04-16,13.94,14.11,13.83,14.01,1990000.0,1.99M,+1.37%,True
2012-04-17,14.09,14.44,14.0,14.27,2420000.0,2.42M,+1.86%,True
2012-04-18,14.22,14.49,14.1,14.33,2140000.0,2.14M,+0.42%,True
2012-04-19,14.33,14.47,14.07,14.2,1310000.0,1.31M,-0.91%,True
2012-04-20,14.31,14.39,14.09,14.1,1300000.0,1.30M,-0.70%,True
2012-04-23,13.97,13.97,13.57,13.75,1680000.0,1.68M,-2.48%,True
2012-04-24,13.79,14.24,13.78,14.17,1690000.0,1.69M,+3.05%,True
2012-04-25,14.35,14.45,14.11,14.35,1980000.0,1.98M,+1.27%,True
2012-04-26,14.53,14.7,14.45,14.65,1560000.0,1.56M,+2.09%,True
2012-04-27,14.74,14.76,14.55,14.7,1290000.0,1.29M,+0.34%,True
2012-04-30,14.69,14.79,14.53,14.77,1180000.0,1.18M,+0.48%,True
2012-05-01,14.77,15.05,14.73,14.81,1580000.0,1.58M,+0.27%,True
2012-05-02,14.75,14.77,14.59,14.67,1080000.0,1.08M,-0.95%,True
2012-05-03,14.75,14.96,14.65,14.79,2870000.0,2.87M,+0.82%,True
2012-05-04,14.65,14.65,14.25,14.35,1380000.0,1.38M,-2.97%,True
2012-05-07,14.3,14.56,14.25,14.39,979680.0,979.68K,+0.28%,True
2012-05-08,14.25,14.26,13.69,13.82,2790000.0,2.79M,-3.96%,True
2012-05-09,13.61,13.76,13.37,13.53,2410000.0,2.41M,-2.10%,True
2012-05-10,13.67,13.71,13.42,13.53,1640000.0,1.64M,0.00%,True
2012-05-11,13.36,13.64,13.33,13.45,1140000.0,1.14M,-0.59%,True
2012-05-14,13.26,13.45,13.22,13.32,1240000.0,1.24M,-0.97%,True
2012-05-15,13.28,13.43,12.86,12.92,1550000.0,1.55M,-3.00%,True
2012-05-16,12.98,13.17,12.62,12.64,2009999.9999999998,2.01M,-2.17%,True
2012-05-17,12.67,12.72,12.2,12.3,2009999.9999999998,2.01M,-2.69%,True
2012-05-18,12.37,12.44,12.0,12.08,1930000.0,1.93M,-1.79%,True
2012-05-21,12.18,12.44,12.14,12.4,1990000.0,1.99M,+2.65%,True
2012-05-22,12.56,12.6,12.05,12.15,2190000.0,2.19M,-2.02%,True
2012-05-23,12.03,12.31,11.78,12.25,3520000.0,3.52M,+0.82%,True
2012-05-24,12.35,12.35,11.95,12.14,2200000.0,2.20M,-0.90%,True
2012-05-25,12.11,12.11,11.86,11.92,1640000.0,1.64M,-1.81%,True
2012-05-29,12.06,12.22,11.88,12.15,3060000.0,3.06M,+1.93%,True
2012-05-30,11.97,11.99,11.67,11.71,1770000.0,1.77M,-3.62%,True
2012-05-31,11.71,11.73,11.29,11.48,2440000.0,2.44M,-1.96%,True
2012-06-01,11.2,11.38,11.05,11.07,4440000.0,4.44M,-3.57%,True
2012-06-04,11.1,11.15,10.85,11.14,2100000.0,2.10M,+0.63%,True
2012-06-05,11.09,11.36,11.06,11.33,1650000.0,1.65M,+1.71%,True
2012-06-06,11.48,11.63,11.44,11.61,1560000.0,1.56M,+2.47%,True
2012-06-07,11.74,11.95,11.39,11.41,1600000.0,1.60M,-1.72%,True
2012-06-08,11.32,11.44,11.2,11.39,1650000.0,1.65M,-0.18%,True
2012-06-11,11.56,11.6,10.95,10.97,1800000.0,1.80M,-3.69%,True
2012-06-12,11.05,11.21,10.93,11.21,1540000.0,1.54M,+2.19%,True
2012-06-13,11.16,11.26,10.96,11.0,1780000.0,1.78M,-1.87%,True
2012-06-14,11.01,11.14,10.9,11.03,1810000.0,1.81M,+0.27%,True
2012-06-15,11.09,11.2,10.93,11.18,2020000.0,2.02M,+1.36%,True
2012-06-18,11.15,11.18,11.01,11.1,1230000.0,1.23M,-0.72%,True
2012-06-19,11.13,11.38,11.13,11.26,1590000.0,1.59M,+1.44%,True
2012-06-20,11.25,11.34,11.05,11.2,2040000.0,2.04M,-0.53%,True
2012-06-21,11.21,11.25,10.64,10.68,2069999.9999999998,2.07M,-4.64%,True
2012-06-22,10.78,10.8,10.56,10.74,2350000.0,2.35M,+0.56%,True
2012-06-25,10.67,10.67,10.42,10.52,1670000.0,1.67M,-2.05%,True
2012-06-26,10.57,10.67,10.48,10.61,1420000.0,1.42M,+0.86%,True
2012-06-27,10.61,10.79,10.57,10.74,1220000.0,1.22M,+1.23%,True
2012-06-28,10.67,10.87,10.59,10.85,1770000.0,1.77M,+1.02%,True
2012-06-29,11.14,11.33,11.1,11.31,1800000.0,1.80M,+4.24%,True
2012-07-02,11.33,11.4,11.11,11.19,1880000.0,1.88M,-1.06%,True
2012-07-03,11.24,11.57,11.2,11.47,878710.0,878.71K,+2.50%,True
2012-07-05,11.41,11.57,11.36,11.42,1140000.0,1.14M,-0.44%,True
2012-07-06,11.28,11.34,11.13,11.19,1190000.0,1.19M,-2.01%,True
2012-07-09,11.15,11.25,11.02,11.11,1320000.0,1.32M,-0.71%,True
2012-07-10,11.2,11.34,10.89,10.97,1790000.0,1.79M,-1.26%,True
2012-07-11,11.0,11.1,10.92,11.06,1460000.0,1.46M,+0.82%,True
2012-07-12,10.92,11.24,10.79,11.13,2040000.0,2.04M,+0.63%,True
2012-07-13,11.19,11.39,11.14,11.34,1300000.0,1.30M,+1.89%,True
2012-07-16,11.29,11.31,11.13,11.2,902870.0,902.87K,-1.23%,True
2012-07-17,11.22,11.26,11.0,11.09,1090000.0,1.09M,-0.98%,True
2012-07-18,11.03,11.22,11.0,11.06,1050000.0,1.05M,-0.27%,True
2012-07-19,11.11,11.41,11.11,11.3,1300000.0,1.30M,+2.17%,True
2012-07-20,11.21,11.38,11.13,11.34,1290000.0,1.29M,+0.35%,True
2012-07-23,11.09,11.29,11.06,11.23,1540000.0,1.54M,-0.97%,True
2012-07-24,11.23,11.25,10.91,11.01,1210000.0,1.21M,-1.96%,True
2012-07-25,11.08,11.17,10.9,11.04,1270000.0,1.27M,+0.27%,True
2012-07-26,11.24,11.3,11.08,11.16,1390000.0,1.39M,+1.09%,True
2012-07-27,11.25,11.8,11.2,11.74,1710000.0,1.71M,+5.20%,True
2012-07-30,11.69,11.81,11.47,11.58,955470.0,955.47K,-1.36%,True
2012-07-31,11.58,11.9,11.54,11.66,2020000.0,2.02M,+0.69%,True
2012-08-01,11.72,11.73,11.33,11.37,2420000.0,2.42M,-2.49%,True
2012-08-02,11.65,12.23,11.46,11.73,3200000.0,3.20M,+3.17%,True
2012-08-03,12.0,12.24,11.95,12.14,2190000.0,2.19M,+3.50%,True
2012-08-06,12.26,12.83,12.26,12.69,2360000.0,2.36M,+4.53%,True
2012-08-07,12.75,13.08,12.6,13.0,2120000.0,2.12M,+2.44%,True
2012-08-08,12.95,13.16,12.88,12.95,1660000.0,1.66M,-0.38%,True
2012-08-09,12.95,13.07,12.83,12.93,1310000.0,1.31M,-0.15%,True
2012-08-10,12.88,12.95,12.76,12.9,1150000.0,1.15M,-0.23%,True
2012-08-13,12.83,12.88,12.52,12.59,1650000.0,1.65M,-2.40%,True
2012-08-14,12.65,12.76,12.42,12.47,1280000.0,1.28M,-0.95%,True
2012-08-15,12.43,12.56,12.35,12.49,1130000.0,1.13M,+0.16%,True
2012-08-16,12.5,12.76,12.49,12.72,1040000.0,1.04M,+1.84%,True
2012-08-17,12.73,12.89,12.66,12.78,1170000.0,1.17M,+0.47%,True
2012-08-20,12.68,12.93,12.66,12.85,969660.0,969.66K,+0.55%,True
2012-08-21,12.87,13.1,12.87,12.92,1460000.0,1.46M,+0.54%,True
2012-08-22,12.83,12.95,12.69,12.95,1390000.0,1.39M,+0.23%,True
2012-08-23,12.91,12.99,12.71,12.75,884750.0,884.75K,-1.54%,True
2012-08-24,12.71,12.78,12.56,12.66,868420.0,868.42K,-0.71%,True
2012-08-27,12.67,12.74,12.45,12.49,937840.0,937.84K,-1.34%,True
2012-08-28,12.46,12.57,12.43,12.48,921820.0,921.82K,-0.08%,True
2012-08-29,12.47,12.49,12.14,12.38,1150000.0,1.15M,-0.80%,True
2012-08-30,12.34,12.35,12.1,12.11,997800.0,997.80K,-2.18%,True
2012-08-31,12.22,12.38,12.07,12.24,1630000.0,1.63M,+1.07%,True
2012-09-04,12.22,12.3,11.96,11.99,1590000.0,1.59M,-2.04%,True
2012-09-05,11.98,12.0,11.78,11.92,1340000.0,1.34M,-0.58%,True
2012-09-06,12.0,12.18,11.93,12.11,1420000.0,1.42M,+1.59%,True
2012-09-07,12.19,12.71,12.19,12.71,1410000.0,1.41M,+4.95%,True
2012-09-10,12.72,12.9,12.64,12.68,1070000.0,1.07M,-0.24%,True
2012-09-11,12.72,12.85,12.71,12.75,846730.0,846.73K,+0.55%,True
2012-09-12,12.82,12.93,12.65,12.84,1170000.0,1.17M,+0.71%,True
2012-09-13,12.84,13.46,12.65,13.45,2730000.0,2.73M,+4.75%,True
2012-09-14,13.57,13.93,13.5,13.83,2330000.0,2.33M,+2.83%,True
2012-09-17,13.78,13.82,13.52,13.54,1300000.0,1.30M,-2.10%,True
2012-09-18,13.47,13.66,13.34,13.5,964430.0,964.43K,-0.30%,True
2012-09-19,13.52,13.64,13.45,13.5,1040000.0,1.04M,0.00%,True
2012-09-20,13.35,13.42,13.2,13.4,1210000.0,1.21M,-0.74%,True
2012-09-21,13.48,13.57,13.15,13.26,2320000.0,2.32M,-1.04%,True
2012-09-24,13.13,13.28,13.01,13.13,1210000.0,1.21M,-0.98%,True
2012-09-25,13.18,13.22,12.87,12.91,1440000.0,1.44M,-1.68%,True
2012-09-26,12.88,12.93,12.57,12.69,2370000.0,2.37M,-1.70%,True
2012-09-27,12.8,12.97,12.67,12.89,1710000.0,1.71M,+1.58%,True
2012-09-28,12.78,12.93,12.72,12.83,1160000.0,1.16M,-0.47%,True
2012-10-01,12.94,12.98,12.78,12.82,1430000.0,1.43M,-0.08%,True
2012-10-02,12.87,12.94,12.67,12.8,1460000.0,1.46M,-0.16%,True
2012-10-03,12.79,12.8,12.32,12.37,1440000.0,1.44M,-3.36%,True
2012-10-04,12.41,12.61,12.34,12.5,1370000.0,1.37M,+1.05%,True
2012-10-05,12.63,12.65,12.37,12.4,998430.0,998.43K,-0.80%,True
2012-10-08,12.3,12.5,12.24,12.45,774550.0,774.55K,+0.40%,True
2012-10-09,12.47,12.57,12.32,12.39,994960.0,994.96K,-0.48%,True
2012-10-10,12.39,12.47,12.11,12.16,1300000.0,1.30M,-1.86%,True
2012-10-11,12.31,12.53,12.29,12.43,875040.0,875.04K,+2.22%,True
2012-10-12,12.2,12.4,12.06,12.06,1160000.0,1.16M,-2.98%,True
2012-10-15,12.05,12.05,11.82,12.03,1190000.0,1.19M,-0.25%,True
2012-10-16,12.12,12.37,12.09,12.34,1310000.0,1.31M,+2.58%,True
2012-10-17,12.44,12.44,12.21,12.25,1770000.0,1.77M,-0.73%,True
2012-10-18,12.21,12.36,12.17,12.28,1550000.0,1.55M,+0.24%,True
2012-10-19,12.24,12.32,12.07,12.12,1360000.0,1.36M,-1.30%,True
2012-10-22,12.14,12.38,12.13,12.35,1120000.0,1.12M,+1.90%,True
2012-10-23,12.12,12.26,12.01,12.23,1360000.0,1.36M,-0.97%,True
2012-10-24,12.29,12.32,12.1,12.17,1780000.0,1.78M,-0.49%,True
2012-10-25,12.27,12.37,12.09,12.21,784360.0,784.36K,+0.33%,True
2012-10-26,12.23,12.34,11.82,11.82,1670000.0,1.67M,-3.19%,True
2012-10-31,11.91,11.92,11.68,11.71,1380000.0,1.38M,-0.93%,True
2012-11-01,11.84,12.37,11.75,12.33,1230000.0,1.23M,+5.29%,True
2012-11-02,12.44,12.5,11.9,11.9,1110000.0,1.11M,-3.49%,True
2012-11-05,11.84,12.03,11.73,11.83,780190.0,780.19K,-0.59%,True
2012-11-06,11.92,12.16,11.82,12.07,865140.0,865.14K,+2.03%,True
2012-11-07,11.9,11.9,11.43,11.61,1300000.0,1.30M,-3.81%,True
2012-11-08,11.61,11.74,11.35,11.44,855110.0,855.11K,-1.46%,True
2012-11-09,11.31,11.82,11.3,11.57,2820000.0,2.82M,+1.14%,True
2012-11-12,16.55,16.56,16.43,16.5,36430000.0,36.43M,+42.61%,True
2012-11-13,16.48,16.69,16.46,16.67,12290000.0,12.29M,+1.03%,True
2012-11-14,16.62,16.62,16.48,16.55,8730000.0,8.73M,-0.72%,True
2012-11-15,16.5,16.55,16.48,16.5,5920000.0,5.92M,-0.30%,True
2012-11-16,16.5,16.64,16.49,16.61,4640000.0,4.64M,+0.67%,True
2012-11-19,16.63,16.65,16.55,16.58,3920000.0,3.92M,-0.18%,True
2012-11-20,16.55,16.62,16.53,16.6,2790000.0,2.79M,+0.12%,True
2012-11-21,16.58,16.67,16.54,16.64,2250000.0,2.25M,+0.24%,True
2012-11-23,16.6,16.65,16.54,16.59,662950.0,662.95K,-0.30%,True
2012-11-26,16.56,16.63,16.53,16.56,2460000.0,2.46M,-0.18%,True
2012-11-27,16.58,16.61,16.54,16.57,2350000.0,2.35M,+0.06%,True
2012-11-28,16.56,16.58,16.52,16.53,4290000.0,4.29M,-0.24%,True
2012-11-29,16.56,16.58,16.51,16.54,2430000.0,2.43M,+0.06%,True
2012-11-30,16.54,16.64,16.52,16.62,3200000.0,3.20M,+0.48%,True
2012-12-03,16.59,16.59,16.52,16.53,1960000.0,1.96M,-0.54%,True
2012-12-04,16.55,16.59,16.52,16.52,2220000.0,2.22M,-0.06%,True
2012-12-05,16.49,16.51,16.44,16.46,2130000.0,2.13M,-0.36%,True
2012-12-06,16.45,16.5,16.44,16.49,2040000.0,2.04M,+0.18%,True
2012-12-07,16.49,16.49,16.45,16.48,1460000.0,1.46M,-0.06%,True
2012-12-10,16.46,16.48,16.44,16.46,1460000.0,1.46M,-0.12%,True
2012-12-11,16.46,16.48,16.45,16.48,1820000.0,1.82M,+0.12%,True
2012-12-12,16.44,16.45,16.4,16.43,5600000.0,5.60M,-0.30%,True
2012-12-13,16.41,16.45,16.41,16.44,3090000.0,3.09M,+0.06%,True
2012-12-14,16.45,16.46,16.39,16.39,3540000.0,3.54M,-0.30%,True
2012-12-17,16.43,16.49,16.41,16.47,2850000.0,2.85M,+0.49%,True
2012-12-18,16.47,16.47,16.44,16.45,2290000.0,2.29M,-0.12%,True
2012-12-19,16.46,16.49,16.44,16.48,3020000.0,3.02M,+0.18%,True
2012-12-20,16.49,16.52,16.48,16.48,1500000.0,1.50M,0.00%,True
2012-12-21,16.49,16.5,16.47,16.47,11010000.0,11.01M,-0.06%,True
2012-12-24,16.5,16.5,16.48,16.48,984730.0,984.73K,+0.06%,True
2012-12-26,16.49,16.5,16.48,16.48,772310.0,772.31K,0.00%,True
2012-12-27,16.49,16.5,16.48,16.49,880080.0,880.08K,+0.06%,True
2012-12-28,16.49,16.5,16.49,16.49,1050000.0,1.05M,0.00%,True
2012-12-31,16.5,16.51,16.49,16.51,1220000.0,1.22M,+0.12%,True
2013-01-02,16.5,16.51,16.49,16.5,1140000.0,1.14M,-0.06%,True
2013-01-03,16.49,16.51,16.49,16.5,681110.0,681.11K,0.00%,True
2013-01-04,16.5,16.51,16.49,16.5,669760.0,669.76K,0.00%,True
2013-01-07,16.49,16.5,16.49,16.5,,,0.00%,True
