ticker,date,open,high,low,close,volume,ex-dividend,split_ratio,adj_open,adj_high,adj_low,adj_close,adj_volume,Date,Open,High,Low,Close,Adj Close,Volume,Name,Company Name,vendor_factor,vendor_factor_step,inferred_cash_yahoo_convention,wiki_factor,wiki_factor_step
HFC,2017-09-27,34.53,34.7799,33.7154,34.68,2548442.0,0.0,1.0,34.274680708044,34.52273291508,33.466103965942,34.423571588618,2548442.0,2017-09-27,34.529998779296875,34.779998779296875,33.720001220703125,34.68000030517578,30.930524826049805,2552200.0,HFC,HollyFrontier,0.8918836376548016,1.7736895818742937e-07,6.138738663701958e-06,0.9926058704907152,
HFC,2017-09-28,35.12,36.07,34.84,35.99,2965872.0,0.0,1.0,34.860318171633,35.8032937486,34.582388527896,35.72388527896,2965872.0,2017-09-28,35.119998931884766,36.06999969482422,34.84000015258789,35.9900016784668,32.09888458251953,2969800.0,HFC,HollyFrontier,0.8918833866497049,-2.814325614775015e-07,-9.760084067007141e-06,0.9926058704906917,-2.375877272697835e-14
HFC,2017-09-29,35.99,36.46,35.6605,35.97,3370128.0,0.0,1.0,35.72388527896,36.190410038091,35.396821644634,35.704033161551,3370128.0,2017-09-29,35.9900016784668,36.459999084472656,35.65999984741211,35.970001220703125,32.0810546875,3373300.0,HFC,HollyFrontier,0.8918836140888208,2.550099253983973e-07,9.177805301638e-06,0.9926058704907146,2.3092638912203256e-14
HFC,2017-10-02,35.69,36.435,35.49,36.1,2494427.0,0.0,1.0,35.426103517813,36.165594891329,35.227582343715,35.833071924714,2494427.0,2017-10-02,35.689998626708984,36.439998626708984,35.4900016784668,36.099998474121094,32.196998596191406,2499800.0,HFC,HollyFrontier,0.8918836553212705,4.6230751449272134e-08,1.6629201101883667e-06,0.9926058704906924,-2.2315482794965646e-14
HFC,2017-10-03,36.19,36.68,35.7,36.47,2231260.0,0.0,1.0,35.922406453058,36.408783329599,35.436029576518,36.200336096796,2231260.0,2017-10-03,36.189998626708984,36.68000030517578,35.70000076293945,36.470001220703125,32.52699279785156,2239800.0,HFC,HollyFrontier,0.8918835127262564,-1.5988073465145192e-07,-5.771695198776912e-06,0.9926058704907047,1.2434497875801753e-14
HFC,2017-10-04,36.47,36.83,36.07,36.79,1930589.0,0.0,1.0,36.200336096796,36.557674210173,35.8032937486,36.517969975353,1930589.0,2017-10-04,36.470001220703125,36.83000183105469,36.06999969482422,36.790000915527344,32.81239318847656,1938800.0,HFC,HollyFrontier,0.8918834566983656,-6.281974052058104e-08,-2.29103615923325e-06,0.9926058704907039,-7.771561172376096e-16
HFC,2017-10-05,36.88,37.0,35.53,35.85,3763307.0,0.0,1.0,36.607304503697,36.726417208156,35.267286578535,35.584920457092,3763307.0,2017-10-05,36.880001068115234,37.0,35.529998779296875,35.849998474121094,31.97402000427246,3771600.0,HFC,HollyFrontier,0.8918834411486357,-1.7434710453123614e-08,-6.414230257859037e-07,0.9926058704907111,7.327471962526033e-15
HFC,2017-10-06,34.52,35.73,34.47,35.42,3554084.0,0.0,1.0,34.264754649339,35.465807752633,34.215124355814,35.158099932781,3554084.0,2017-10-06,34.52000045776367,35.72999954223633,34.470001220703125,35.41999816894531,31.590513229370117,3554100.0,HFC,HollyFrontier,0.8918835364894875,1.0689833152000006e-07,3.832304611922707e-06,0.9926058704907114,2.220446049250313e-16
HFC,2017-10-09,35.79,36.245,35.54,36.18,1937350.0,0.0,1.0,35.525364104862,35.976999775935,35.27721263724,35.912480394354,1937350.0,2017-10-09,35.790000915527344,36.2400016784668,35.540000915527344,36.18000030517578,32.26834487915039,1937400.0,HFC,HollyFrontier,0.891883488307605,-5.402261671338948e-08,-1.913481091244953e-06,0.992605870490713,1.7763568394002505e-15
HFC,2017-10-10,36.56,36.61,35.89,36.19,2106462.0,0.0,1.0,36.28967062514,36.339300918665,35.624624691911,35.922406453058,2106462.0,2017-10-10,36.560001373291016,36.61000061035156,35.88999938964844,36.189998626708984,32.27726745605469,2107900.0,HFC,HollyFrontier,0.891883633071856,1.6231296240398763e-07,5.872482077331753e-06,0.9926058704906882,-2.5091040356528538e-14
HFC,2017-10-11,36.2,36.53,35.9,36.52,1860922.0,0.0,1.0,35.932332511763,36.259892449025,35.634550750616,36.24996639032,1860922.0,2017-10-11,36.20000076293945,36.529998779296875,35.900001525878906,36.52000045776367,32.571590423583984,1864100.0,HFC,HollyFrontier,0.8918836258300126,-8.11971789804744e-09,-2.938525835974982e-07,0.9926058704906898,1.7763568394002505e-15
HFC,2017-10-12,36.24,36.49,35.8,36.32,1874831.0,0.0,1.0,35.972036746583,36.220188214206,35.535290163567,36.051445216222,1874831.0,2017-10-12,36.2400016784668,36.4900016784668,35.79999923706055,36.31999969482422,32.39320755004883,1874800.0,HFC,HollyFrontier,0.8918834752816648,-1.6879819675352792e-07,-6.164511260669363e-06,0.9926058704906938,3.9968028886505635e-15
HFC,2017-10-13,36.575,36.7,36.28,36.38,1304487.0,0.0,1.0,36.304559713197,36.428635447009,36.011740981403,36.111001568452,1304487.0,2017-10-13,36.58000183105469,36.70000076293945,36.279998779296875,36.380001068115234,32.44672775268555,1304500.0,HFC,HollyFrontier,0.8918836393636901,1.8397249168522478e-07,6.681879612002768e-06,0.992605870490709,1.532107773982716e-14
HFC,2017-10-16,36.39,36.48,35.705,36.09,1681415.0,0.0,1.0,36.120927627157,36.210262155501,35.44099260587,35.823145866009,1681415.0,2017-10-16,36.38999938964844,36.47999954223633,35.709999084472656,36.09000015258789,32.18808364868164,1681400.0,HFC,HollyFrontier,0.8918837216013019,9.220666030707036e-08,3.3544780894562143e-06,0.9926058704906898,-1.9317880628477724e-14
HFC,2017-10-17,36.22,36.58,36.06,36.32,1550911.0,0.0,1.0,35.952184629173,36.30952274255,35.793367689895,36.051445216222,1550911.0,2017-10-17,36.220001220703125,36.58000183105469,36.060001373291016,36.31999969482422,32.39320755004883,1550900.0,HFC,HollyFrontier,0.8918834752816648,-2.7617909281740793e-07,-9.967306254589943e-06,0.9926058704906938,3.9968028886505635e-15
HFC,2017-10-18,36.33,36.515,35.93,36.09,1914923.0,0.0,1.0,36.061371274927,36.245003360968,35.664328926731,35.823145866009,1914923.0,2017-10-18,36.33000183105469,36.52000045776367,35.93000030517578,36.09000015258789,32.18808364868164,1915900.0,HFC,HollyFrontier,0.8918837216013019,2.761791690897297e-07,1.0030824566845085e-05,0.9926058704906898,-3.9968028886505635e-15
HFC,2017-10-19,35.68,36.14,35.49,36.13,1156748.0,0.0,1.0,35.416177459108,35.872776159534,35.227582343715,35.862850100829,1156748.0,2017-10-19,35.68000030517578,36.13999938964844,35.4900016784668,36.130001068115234,32.2237548828125,1158700.0,HFC,HollyFrontier,0.8918835851142556,-1.5303233258379123e-07,-5.522937747726838e-06,0.9926058704907001,1.0436096431476471e-14
HFC,2017-10-20,36.46,36.84,35.95,36.71,2491908.0,0.0,1.0,36.190410038091,36.567600268877,35.684181044141,36.438561505714,2491908.0,2017-10-20,36.459999084472656,36.84000015258789,35.95000076293945,36.709999084472656,32.741050720214844,2496700.0,HFC,HollyFrontier,0.8918837247823149,1.5659897956155078e-07,5.6579204123414496e-06,0.9926058704907109,1.0880185641326534e-14
HFC,2017-10-23,36.65,36.84,36.22,36.27,1405198.0,0.0,1.0,36.379005153484,36.567600268877,35.952184629173,36.001814922698,1405198.0,2017-10-23,36.650001525878906,36.84000015258789,36.220001220703125,36.27000045776367,32.348609924316406,1412100.0,HFC,HollyFrontier,0.8918833613466943,-4.074921545749177e-07,-1.4959042714439809e-05,0.9926058704907086,-2.3314683517128287e-15
HFC,2017-10-24,35.62,36.5082,35.62,36.4,1663188.0,0.0,1.0,35.356621106879,36.238253641049,35.356621106879,36.130853685862,1663188.0,2017-10-24,35.619998931884766,36.5099983215332,35.619998931884766,36.400001525878906,32.464569091796875,1663200.0,HFC,HollyFrontier,0.8918837288706128,4.1207621359617974e-07,1.4945998298821928e-05,0.9926058704907144,5.773159728050814e-15
HFC,2017-10-25,36.37,36.9304,35.86,36.31,2029809.0,0.0,1.0,36.101075509747,36.65733183957,35.594846515797,36.041519157517,2029809.0,2017-10-25,36.369998931884766,36.93000030517578,35.86000061035156,36.29999923706055,32.37537384033203,2548200.0,HFC,HollyFrontier,0.8918835956139177,-1.494103892829557e-07,-5.438539210165356e-06,0.9926058704906913,-2.3314683517128287e-14
HFC,2017-10-26,36.27,36.46,35.71,36.1,1962475.0,0.0,1.0,36.001814922698,36.190410038091,35.445955635223,35.833071924714,1962475.0,2017-10-26,36.27000045776367,36.459999084472656,35.709999084472656,36.099998474121094,32.196998596191406,1965100.0,HFC,HollyFrontier,0.8918836553212705,6.694523024819432e-08,2.4301116457299167e-06,0.9926058704906924,1.1102230246251565e-15
HFC,2017-10-27,35.94,36.36,35.71,36.27,1951818.0,0.0,1.0,35.674254985436,36.091149451042,35.445955635223,36.001814922698,1951818.0,2017-10-27,35.939998626708984,36.36000061035156,35.709999084472656,36.27000045776367,32.348609924316406,1951800.0,HFC,HollyFrontier,0.8918833613466943,-3.296109020167748e-07,-1.1898956983598193e-05,0.9926058704907086,1.6431300764452317e-14
HFC,2017-10-30,36.37,37.26,36.33,36.91,3320449.0,0.0,1.0,36.101075509747,36.984494734484,36.061371274927,36.637082679812,3320449.0,2017-10-30,36.369998931884766,37.2599983215332,36.33000183105469,36.90999984741211,32.91941833496094,3324400.0,HFC,HollyFrontier,0.8918834589827026,1.0947172301989383e-07,3.970539009151599e-06,0.9926058704907074,-1.2212453270876722e-15
HFC,2017-10-31,36.71,37.42,36.41,36.95,3720211.0,0.0,1.0,36.438561505714,37.143311673762,36.140779744566,36.676786914631,3720211.0,2017-10-31,36.709999084472656,37.41999816894531,36.40999984741211,36.95000076293945,32.955108642578125,3758300.0,HFC,HollyFrontier,0.8918838420060826,4.294545168370689e-07,1.5851159344425764e-05,0.99260587049069,-1.7430501486614958e-14
HFC,2017-11-01,37.74,39.7675,37.625,39.65,5262921.0,0.0,1.0,37.460945552319,39.473453954739,37.346795877213,39.356822764956,5262921.0,2017-11-01,37.7400016784668,39.77000045776367,37.630001068115234,39.650001525878906,35.363182067871094,5335600.0,HFC,HollyFrontier,0.8918834982841078,-3.8538872282334324e-07,-1.4240119087091346e-05,0.9926058704906936,3.552713678800501e-15
HFC,2017-11-02,39.95,41.34,39.42,40.25,4361721.0,0.0,1.0,39.654604526104,41.034326686086,39.128523414743,39.952386287251,4361721.0,2017-11-02,39.95000076293945,41.34000015258789,39.41999816894531,40.25,35.89830780029297,4399000.0,HFC,HollyFrontier,0.8918834236097632,-8.372656823407709e-08,-3.319758835565932e-06,0.9926058704907081,1.4654943925052066e-14
HFC,2017-11-03,40.47,40.71,40.04,40.14,2279376.0,0.0,1.0,40.170759578759,40.408984987676,39.743939054448,39.843199641497,2279376.0,2017-11-03,40.470001220703125,40.709999084472656,40.040000915527344,40.13999938964844,35.800209045410156,2284000.0,HFC,HollyFrontier,0.8918836469798888,2.504476701581382e-07,1.0080516199079126e-05,0.9926058704907076,-5.551115123125783e-16
HFC,2017-11-06,40.39,42.23,40.34,42.07,2944674.0,0.0,1.0,40.091351109119,41.917745910822,40.041720815595,41.758928971544,2944674.0,2017-11-06,40.38999938964844,42.22999954223633,40.34000015258789,42.06999969482422,37.52153396606445,3030600.0,HFC,HollyFrontier,0.8918833904978765,-2.8757339942675486e-07,-1.1543199397513255e-05,0.992605870490706,-1.5543122344752192e-15
HFC,2017-11-07,41.97,42.47,41.74,42.33,2435876.0,0.0,1.0,41.659668384495,42.15597131974,41.431369034282,42.017006497871,2435876.0,2017-11-07,41.970001220703125,42.470001220703125,41.7400016784668,42.33000183105469,37.7534294128418,2477100.0,HFC,HollyFrontier,0.891883481685669,1.022418327778496e-07,4.301313434715828e-06,0.9926058704906923,-1.3877787807814457e-14
,2017-11-08,,,,,,,,,,,,,2017-11-08,42.2599983215332,42.4900016784668,41.31999969482422,42.31999969482422,37.74451446533203,2557300.0,HFC,HollyFrontier,0.8918836185612786,1.5346803983184998e-07,6.496301410780839e-06,,
HFC,2017-11-09,41.99,42.2,41.33,42.2,2870667.0,0.0,1.0,41.679520501905,41.887967734708,41.024400627381,41.887967734708,2870667.0,2017-11-09,41.9900016784668,42.20000076293945,41.33000183105469,42.20000076293945,37.63748550415039,2884400.0,HFC,HollyFrontier,0.8918835266278972,-1.0307777775775406e-07,-4.362251969605372e-06,0.9926058704907108,
HFC,2017-11-10,42.19,42.5,41.86,42.05,2244672.0,0.0,1.0,41.878041676003,42.185749495855,41.550481738741,41.739076854134,2244672.0,2017-11-10,42.189998626708984,42.5,41.86000061035156,42.04999923706055,37.50369644165039,2244700.0,HFC,HollyFrontier,0.891883403617204,-1.3792237385512607e-07,-5.820325083071894e-06,0.9926058704907016,-9.325873406851315e-15
HFC,2017-11-13,42.08,42.6,41.68,41.85,1658301.0,0.0,1.0,41.768855030249,42.285010082904,41.371812682052,41.540555680036,1658301.0,2017-11-13,42.08000183105469,42.599998474121094,41.68000030517578,41.849998474121094,37.325321197509766,1669100.0,HFC,HollyFrontier,0.8918834542034866,5.6718493013363513e-08,2.3850124525530154e-06,0.9926058704907049,3.3306690738754696e-15
HFC,2017-11-14,41.88,43.27,41.7,42.84,3134348.0,0.0,1.0,41.570333856151,42.950056016133,41.391664799462,42.523235491822,3134348.0,2017-11-14,41.880001068115234,43.27000045776367,41.70000076293945,42.84000015258789,38.208290100097656,3167100.0,HFC,HollyFrontier,0.8918835192345246,7.29142779487546e-08,3.0514621978754284e-06,0.9926058704907096,4.6629367034256575e-15
HFC,2017-11-15,42.47,43.09,42.1,42.89,2473236.0,0.0,1.0,42.15597131974,42.771386959444,41.788707147659,42.572865785346,2473236.0,2017-11-15,42.470001220703125,43.09000015258789,42.099998474121094,42.88999938964844,38.25288009643555,2474900.0,HFC,HollyFrontier,0.8918834376497551,-9.147469115511342e-08,-3.9187761445138436e-06,0.9926058704906972,-1.2545520178264269e-14
HFC,2017-11-16,42.74,44.1,42.62,43.8,2310139.0,0.0,1.0,42.423974904773,43.77391888864,42.304862200314,43.476137127493,2310139.0,2017-11-16,42.7400016784668,44.099998474121094,42.619998931884766,43.79999923706055,39.06450653076172,2352600.0,HFC,HollyFrontier,0.8918837262834475,3.236226622238547e-07,1.3880171294930596e-05,0.9926058704907078,1.0658141036401503e-14
HFC,2017-11-17,43.72,44.48,43.72,44.41,2732362.0,0.0,1.0,43.396728657853,44.151109119426,43.396728657853,44.081626708492,2732362.0,2017-11-17,43.720001220703125,44.47999954223633,43.720001220703125,44.40999984741211,39.608551025390625,2732400.0,HFC,HollyFrontier,0.8918836109318006,-1.293348488307089e-07,-5.664867009526905e-06,0.9926058704907005,-7.327471962526033e-15
HFC,2017-11-20,43.98,44.6,43.701,44.3,2487617.0,0.33,1.0,43.98,44.6,43.701,44.3,2487617.0,2017-11-20,43.97999954223633,44.599998474121094,43.70000076293945,44.29999923706055,39.80622863769531,2511700.0,HFC,HollyFrontier,0.8985604813373037,0.0074862575381640095,0.3299942740062228,1.0,0.007449209932280709
HFC,2017-11-21,44.57,44.86,44.35,44.79,2267000.0,0.0,1.0,44.57,44.86,44.35,44.79,2267000.0,2017-11-21,44.56999969482422,44.86000061035156,44.349998474121094,44.790000915527344,40.24651718139648,2271200.0,HFC,HollyFrontier,0.898560311648581,-1.888450763543048e-07,-8.365838317188764e-06,1.0,0.0
HFC,2017-11-22,44.65,44.74,43.87,44.39,1445959.0,0.0,1.0,44.65,44.74,43.87,44.39,1445959.0,2017-11-22,44.650001525878906,44.7400016784668,43.869998931884766,44.38999938964844,39.88710403442383,1894900.0,HFC,HollyFrontier,0.8985605898369382,3.095934169028425e-07,1.386668513508892e-05,1.0,0.0
HFC,2017-11-24,44.49,44.51,43.94,44.05,2556646.0,0.0,1.0,44.49,44.51,43.94,44.05,2556646.0,2017-11-24,44.4900016784668,44.5099983215332,43.939998626708984,44.04999923706055,39.58158874511719,2556600.0,HFC,HollyFrontier,0.8985604865077056,-1.1499417373883603e-07,-5.10459189347365e-06,1.0,0.0
HFC,2017-11-27,44.03,45.14,43.99,44.76,2029516.0,0.0,1.0,44.03,45.14,43.99,44.76,2029516.0,2017-11-27,44.029998779296875,45.13999938964844,43.9900016784668,44.7599983215332,40.21956634521485,2079800.0,HFC,HollyFrontier,0.898560497172002,1.1868201088560681e-08,5.227942440058468e-07,1.0,0.0
HFC,2017-11-28,44.83,45.33,44.36,45.26,2634585.0,0.0,1.0,44.83,45.33,44.36,45.26,2634585.0,2017-11-28,44.83000183105469,45.33000183105469,44.36000061035156,45.2599983215332,40.66884231567383,3722300.0,HFC,HollyFrontier,0.898560402648644,-1.0519420601262652e-07,-4.708492981495988e-06,1.0,0.0
HFC,2017-11-29,44.79,44.79,44.02,44.33,1925463.0,0.0,1.0,44.79,44.79,44.02,44.33,1925463.0,2017-11-29,44.790000915527344,44.790000915527344,44.02000045776367,44.33000183105469,39.83319091796875,2274600.0,HFC,HollyFrontier,0.8985605520562878,1.6627445775796446e-07,7.525580427846879e-06,1.0,0.0
HFC,2017-11-30,44.7,44.72,43.95,44.48,3137814.0,0.0,1.0,44.7,44.72,43.95,44.48,3137814.0,2017-11-30,44.70000076293945,44.720001220703125,43.95000076293945,44.47999954223633,39.96797180175781,3923300.0,HFC,HollyFrontier,0.8985605263733404,-2.8582322397774362e-08,-1.267054438680465e-06,1.0,0.0
HFC,2017-12-01,44.69,44.84,43.01,44.25,2438475.0,0.0,1.0,44.69,44.84,43.01,44.25,2438475.0,2017-12-01,44.689998626708984,44.84000015258789,43.0099983215332,44.25,39.76129913330078,2458700.0,HFC,HollyFrontier,0.8985604323909782,-1.0459213317659533e-07,-4.6522585197671335e-06,1.0,0.0
HFC,2017-12-04,44.29,45.09,44.14,44.31,2459844.0,0.0,1.0,44.29,45.09,44.14,44.31,2459844.0,2017-12-04,44.290000915527344,45.09000015258789,44.13999938964844,44.310001373291016,39.815216064453125,3207800.0,HFC,HollyFrontier,0.8985604791349152,5.2020916241346526e-08,2.3019254257738986e-06,1.0,0.0
HFC,2017-12-05,44.11,46.16,44.1,45.9,3358335.0,0.0,1.0,44.11,46.16,44.1,45.9,3358335.0,2017-12-05,44.11000061035156,46.15999984741211,44.099998474121094,45.900001525878906,41.24393081665039,3391900.0,HFC,HollyFrontier,0.8985605543694073,8.372780002652291e-08,3.7099786242357682e-06,1.0,0.0
HFC,2017-12-06,45.57,45.89,44.56,45.1,1962893.0,0.0,1.0,45.57,45.89,44.56,45.1,1962893.0,2017-12-06,45.56999969482422,45.88999938964844,44.560001373291016,45.099998474121094,40.52508163452149,1990100.0,HFC,HollyFrontier,0.8985605987941497,4.9439898397452e-08,2.26929129977202e-06,1.0,0.0
HFC,2017-12-07,44.94,45.77,44.89,45.32,3208536.0,0.0,1.0,44.94,45.77,44.89,45.32,3208536.0,2017-12-07,44.939998626708984,45.77000045776367,44.88999938964844,45.31999969482422,40.722755432128906,3216100.0,HFC,HollyFrontier,0.8985603642177353,-2.6105797956699206e-07,-1.1773717549484254e-05,1.0,0.0
HFC,2017-12-08,44.63,45.84,44.58,45.69,1917059.0,0.0,1.0,44.63,45.84,44.58,45.69,1917059.0,2017-12-08,44.630001068115234,45.84000015258789,44.58000183105469,45.689998626708984,41.055233001708984,1926700.0,HFC,HollyFrontier,0.8985606092294637,2.726714176670697e-07,1.2357465194333308e-05,1.0,0.0
HFC,2017-12-11,45.83,46.91,45.71,46.61,2352383.0,0.0,1.0,45.83,46.91,45.71,46.61,2352383.0,2017-12-11,45.83000183105469,46.90999984741211,45.709999084472656,46.61000061035156,41.88190460205078,3198700.0,HFC,HollyFrontier,0.8985604817338122,-1.418887609627717e-07,-6.482898216749288e-06,1.0,0.0
HFC,2017-12-12,46.97,47.5,46.33,47.25,2585100.0,0.0,1.0,46.97,47.5,46.33,47.25,2585100.0,2017-12-12,46.970001220703125,47.5,46.33000183105469,47.25,42.45698547363281,2905100.0,HFC,HollyFrontier,0.898560539124504,6.386959250370694e-08,2.9769615541149514e-06,1.0,0.0
HFC,2017-12-13,47.03,48.28,46.65,48.06,2100780.0,0.0,1.0,47.03,48.28,46.65,48.06,2100780.0,2017-12-13,47.029998779296875,48.279998779296875,46.650001525878906,48.060001373291016,43.184818267822266,2100800.0,HFC,HollyFrontier,0.8985604875954478,-5.734622643416287e-08,-2.7096093563883095e-06,1.0,0.0
HFC,2017-12-14,48.04,48.41,47.47,47.8,2119555.0,0.0,1.0,48.04,48.41,47.47,47.8,2119555.0,2017-12-14,48.04999923706055,48.40999984741211,47.470001220703125,47.79999923706055,42.95118713378906,2122300.0,HFC,HollyFrontier,0.8985604146304655,-8.120208183637345e-08,-3.902572479378386e-06,1.0,0.0
HFC,2017-12-15,47.82,48.24,47.47,47.86,2539471.0,0.0,1.0,47.82,48.24,47.47,47.86,2539471.0,2017-12-15,47.880001068115234,48.2400016784668,47.470001220703125,47.86000061035156,43.005104064941406,2907000.0,HFC,HollyFrontier,0.8985604579294532,4.8187063450555456e-08,2.3033414847285535e-06,1.0,0.0
HFC,2017-12-18,48.23,48.49,47.71,48.44,2306123.0,0.0,1.0,48.23,48.49,47.71,48.44,2306123.0,2017-12-18,47.970001220703125,48.4900016784668,47.709999084472656,48.439998626708984,43.526275634765625,2808700.0,HFC,HollyFrontier,0.8985606289998114,1.9038269116755657e-07,9.111713983269677e-06,1.0,0.0
HFC,2017-12-19,48.125,48.25,47.41,47.59,1687396.0,0.0,1.0,48.125,48.25,47.41,47.59,1687396.0,2017-12-19,48.25,48.25,47.40999984741211,47.59000015258789,42.76249313354492,1687400.0,HFC,HollyFrontier,0.898560474814782,-1.71591125197601e-07,-8.31187529407609e-06,1.0,0.0
HFC,2017-12-20,48.11,49.6,47.72,49.46,2534502.0,0.0,1.0,48.11,49.6,47.72,49.46,2534502.0,2017-12-20,47.90999984741211,49.599998474121094,47.720001220703125,49.459999084472656,44.44279861450195,2534500.0,HFC,HollyFrontier,0.8985604415114963,-3.706293194571941e-08,-1.7638250056383095e-06,1.0,0.0
HFC,2017-12-21,49.78,50.5462,49.27,50.15,2040514.0,0.0,1.0,49.78,50.5462,49.27,50.15,2040514.0,2017-12-21,49.52000045776367,50.54999923706055,49.27000045776367,50.150001525878906,45.06280899047851,2202800.0,HFC,HollyFrontier,0.8985604709747566,3.278940274853426e-08,1.6217637750112798e-06,1.0,0.0
HFC,2017-12-22,50.11,50.881,49.99,50.62,1698282.0,0.0,1.0,50.11,50.881,49.99,50.62,1698282.0,2017-12-22,50.25,50.880001068115234,49.9900016784668,50.619998931884766,45.485130310058594,1698300.0,HFC,HollyFrontier,0.898560475500291,5.036427275229016e-09,2.525768355377133e-07,1.0,0.0
HFC,2017-12-26,50.63,51.31,50.39,51.3,814115.0,0.0,1.0,50.63,51.31,50.39,51.3,814115.0,2017-12-26,50.630001068115234,51.310001373291016,50.38999938964844,51.29999923706055,46.096153259277344,815400.0,HFC,HollyFrontier,0.8985605057470684,3.366137080185183e-08,1.7039384978360284e-06,1.0,0.0
HFC,2017-12-27,51.37,51.9981,50.9392,51.63,1066106.0,0.0,1.0,51.37,51.9981,50.9392,51.63,1066106.0,2017-12-27,51.369998931884766,52.0,50.939998626708984,51.630001068115234,46.39268112182617,1336000.0,HFC,HollyFrontier,0.8985605299643614,2.695121015250379e-08,1.3825970203931947e-06,1.0,0.0
HFC,2017-12-28,51.6,51.66,51.12,51.5,1314914.0,0.0,1.0,51.6,51.66,51.12,51.5,1314914.0,2017-12-28,51.599998474121094,51.65999984741211,51.119998931884766,51.5,46.27587127685547,1314900.0,HFC,HollyFrontier,0.8985606073175819,8.608570922774561e-08,4.444604875328497e-06,1.0,0.0
HFC,2017-12-29,51.62,51.79,51.21,51.22,1073972.0,0.0,1.0,51.62,51.79,51.21,51.22,1073972.0,2017-12-29,51.619998931884766,51.790000915527344,51.209999084472656,51.220001220703125,46.02427291870117,1077100.0,HFC,HollyFrontier,0.8985605588017471,-5.399283520279852e-08,-2.780631167320635e-06,1.0,0.0
HFC,2018-01-02,51.38,52.06,51.025,51.3,2449521.0,0.0,1.0,51.38,52.06,51.025,51.3,2449521.0,2018-01-02,51.380001068115234,52.060001373291016,51.029998779296875,51.29999923706055,46.096153259277344,2449500.0,HFC,HollyFrontier,0.8985605057470684,-5.9044076961001224e-08,-3.024237875987771e-06,1.0,0.0
HFC,2018-01-03,51.45,52.02,51.02,51.38,1942897.0,0.0,1.0,51.45,52.02,51.02,51.38,1942897.0,2018-01-03,51.45000076293945,52.02000045776367,51.02000045776367,51.380001068115234,46.16804122924805,2333300.0,HFC,HollyFrontier,0.8985605346337456,3.214772648085784e-08,1.649178292682242e-06,1.0,0.0
HFC,2018-01-04,51.5,51.6199,50.37,50.97,2660917.0,0.0,1.0,51.5,51.6199,50.37,50.97,2660917.0,2018-01-04,51.5,51.619998931884766,50.369998931884766,50.970001220703125,45.79963302612305,2682600.0,HFC,HollyFrontier,0.8985605636501346,3.229208034305486e-08,1.6591670711788877e-06,1.0,0.0
HFC,2018-01-05,51.08,51.6,50.63,51.25,2266775.0,0.0,1.0,51.08,51.6,50.63,51.25,2266775.0,2018-01-05,51.08000183105469,51.599998474121094,50.630001068115234,51.25,46.05121994018555,2288700.0,HFC,HollyFrontier,0.8985603890767911,-1.9428110975550084e-07,-9.902510319732972e-06,1.0,0.0
HFC,2018-01-08,51.25,51.8,50.93,51.72,1782801.0,0.0,1.0,51.25,51.8,50.93,51.72,1782801.0,2018-01-08,51.25,51.79999923706055,50.93000030517578,51.720001220703125,46.47354507446289,1782800.0,HFC,HollyFrontier,0.8985604017321617,1.4084051258578256e-08,7.218076156223496e-07,1.0,0.0
HFC,2018-01-09,51.99,52.07,51.19,51.26,1649592.0,0.0,1.0,51.99,52.07,51.19,51.26,1649592.0,2018-01-09,51.9900016784668,52.06999969482422,51.189998626708984,51.2599983215332,46.060211181640625,1879500.0,HFC,HollyFrontier,0.8985605284792165,1.410556871306312e-07,7.295399282752187e-06,1.0,0.0
HFC,2018-01-10,51.36,51.42,50.89,51.28,1304411.0,0.0,1.0,51.36,51.42,50.89,51.28,1304411.0,2018-01-10,51.36000061035156,51.41999816894531,50.88999938964844,51.279998779296875,46.078182220458984,1311500.0,HFC,HollyFrontier,0.8985605171087093,-1.265413607232091e-08,-6.486509995186256e-07,1.0,0.0
HFC,2018-01-11,51.35,51.933,50.89,51.5,2056938.0,0.0,1.0,51.35,51.933,50.89,51.5,2056938.0,2018-01-11,51.349998474121094,51.93000030517578,50.88999938964844,51.5,46.27587127685547,2083200.0,HFC,HollyFrontier,0.8985606073175819,1.0039265130323827e-07,5.1481345181970935e-06,1.0,0.0
HFC,2018-01-12,51.75,52.65,51.53,52.51,1776790.0,0.0,1.0,51.75,52.65,51.53,52.51,1776790.0,2018-01-12,51.75,52.650001525878906,51.529998779296875,52.5099983215332,47.18341445922851,1815300.0,HFC,HollyFrontier,0.8985605783171321,-3.227433920116596e-08,-1.6621285260365326e-06,1.0,0.0
HFC,2018-01-16,52.84,53.21,51.87,52.25,2533040.0,0.0,1.0,52.84,53.21,51.87,52.25,2533040.0,2018-01-16,52.84000015258789,53.209999084472656,51.869998931884766,52.25,46.94978713989258,2939600.0,HFC,HollyFrontier,0.8985605194237813,-6.554188125562632e-08,-3.4416042962547415e-06,1.0,0.0
HFC,2018-01-17,52.35,52.925,52.07,52.4,2205391.0,0.0,1.0,52.35,52.925,52.07,52.4,2205391.0,2018-01-17,52.349998474121094,52.93000030517578,52.06999969482422,52.400001525878906,47.084571838378906,2253300.0,HFC,HollyFrontier,0.8985605051008471,-1.5939865982694812e-08,-8.328580149985498e-07,1.0,0.0
HFC,2018-01-18,52.2,52.2,50.7,50.91,1928001.0,0.0,1.0,52.2,52.2,50.7,50.91,1928001.0,2018-01-18,52.20000076293945,52.20000076293945,50.70000076293945,50.90999984741211,45.74571228027344,1987800.0,HFC,HollyFrontier,0.8985604481905889,-6.333492053034462e-08,-3.3187501476815235e-06,1.0,0.0
HFC,2018-01-19,50.91,51.15,50.4,50.94,1787554.0,0.0,1.0,50.91,51.15,50.4,50.94,1787554.0,2018-01-19,50.90999984741211,51.150001525878906,50.400001525878906,50.939998626708984,45.77267074584961,1797900.0,HFC,HollyFrontier,0.8985605021561577,6.00578056175749e-08,3.0575426939579914e-06,1.0,0.0
HFC,2018-01-22,51.1,52.18,50.87,51.74,3227650.0,0.0,1.0,51.1,52.18,50.87,51.74,3227650.0,2018-01-22,51.099998474121094,52.18000030517578,50.869998931884766,51.7400016784668,46.49152755737305,3242900.0,HFC,HollyFrontier,0.898560611696345,1.2190630127584257e-07,6.209906061744817e-06,1.0,0.0
HFC,2018-01-23,51.93,51.95,51.3301,51.72,2192717.0,0.0,1.0,51.93,51.95,51.3301,51.72,2192717.0,2018-01-23,51.93000030517578,51.95000076293945,51.33000183105469,51.720001220703125,46.47354507446289,2228200.0,HFC,HollyFrontier,0.8985604017321617,-2.3366724588580468e-07,-1.2089946514782658e-05,1.0,0.0
HFC,2018-01-24,51.8,51.9,48.24,49.26,4777767.0,0.0,1.0,51.8,51.9,48.24,49.26,4777767.0,2018-01-24,51.79999923706055,51.900001525878906,48.2400016784668,49.2599983215332,44.26308822631836,4830300.0,HFC,HollyFrontier,0.8985604899415816,9.816749080293619e-08,5.0772222446008175e-06,1.0,0.0
HFC,2018-01-25,49.2,49.68,48.32,48.5,4012241.0,0.0,1.0,49.2,49.68,48.32,48.5,4012241.0,2018-01-25,49.20000076293945,49.68000030517578,48.31999969482422,48.5,43.5801887512207,4077600.0,HFC,HollyFrontier,0.8985605928086743,1.1447987513513169e-07,5.639277811668823e-06,1.0,0.0
HFC,2018-01-26,48.76,49.31,48.48,48.81,2101415.0,0.0,1.0,48.76,49.31,48.48,48.81,2101415.0,2018-01-26,48.7599983215332,49.310001373291016,48.47999954223633,48.810001373291016,43.85873794555664,2112100.0,HFC,HollyFrontier,0.8985604735007502,-1.3277671540024016e-07,-6.439671547675552e-06,1.0,0.0
HFC,2018-01-29,48.39,48.4,46.61,46.82,3286805.0,0.0,1.0,48.39,48.4,46.61,46.82,3286805.0,2018-01-29,48.38999938964844,48.400001525878906,46.61000061035156,46.81999969482422,42.07060241699219,3335700.0,HFC,HollyFrontier,0.8985605017345385,3.1421133250830735e-08,1.5336655083524196e-06,1.0,0.0
HFC,2018-01-30,46.02,47.1,45.49,46.55,3127029.0,0.0,1.0,46.02,47.1,45.49,46.55,3127029.0,2018-01-30,46.02000045776367,47.099998474121094,45.4900016784668,46.54999923706055,41.82799530029297,3140600.0,HFC,HollyFrontier,0.8985606011995768,1.106937574935074e-07,5.182681120277904e-06,1.0,0.0
HFC,2018-01-31,46.71,48.1,46.52,47.96,3112492.0,0.0,1.0,46.71,48.1,46.52,47.96,3112492.0,2018-01-31,46.709999084472656,48.099998474121094,46.52000045776367,47.959999084472656,43.09496307373047,3166500.0,HFC,HollyFrontier,0.8985605482983157,-5.887333709431175e-08,-2.7405539622022394e-06,1.0,0.0
HFC,2018-02-01,48.03,48.045,46.531,47.62,1940899.0,0.0,1.0,48.03,48.045,46.531,47.62,1940899.0,2018-02-01,48.029998779296875,48.04999923706055,46.529998779296875,47.619998931884766,42.78945541381836,1959500.0,HFC,HollyFrontier,0.8985606126330248,7.159752257734908e-08,3.433816872327214e-06,1.0,0.0
HFC,2018-02-02,47.01,47.59,46.08,46.4,1939407.0,0.0,1.0,47.01,47.59,46.08,46.4,1939407.0,2018-02-02,47.0099983215332,47.59000015258789,46.08000183105469,46.400001525878906,41.69321060180664,1946500.0,HFC,HollyFrontier,0.8985605437653461,-7.66422183495763e-08,-3.6497026308619623e-06,1.0,0.0
HFC,2018-02-05,45.79,47.15,44.07,44.99,2688889.0,0.0,1.0,45.79,47.15,44.07,44.99,2688889.0,2018-02-05,45.790000915527344,47.150001525878906,44.06999969482422,44.9900016784668,40.42624282836914,2714700.0,HFC,HollyFrontier,0.8985605983588578,6.075663128157771e-08,2.8191076141751128e-06,1.0,0.0
HFC,2018-02-06,43.82,46.78,43.52,46.47,3116465.0,0.0,1.0,43.82,46.78,43.52,46.47,3116465.0,2018-02-06,43.81999969482422,46.779998779296875,43.52000045776367,46.470001220703125,41.75611114501953,3116500.0,HFC,HollyFrontier,0.8985605777521805,-2.293298573263769e-08,-1.031755086583199e-06,1.0,0.0
HFC,2018-02-07,46.55,47.13,45.67,45.79,2299774.0,0.0,1.0,46.55,47.13,45.67,45.79,2299774.0,2018-02-07,46.54999923706055,47.130001068115234,45.66999816894531,45.790000915527344,41.14508819580078,2322600.0,HFC,HollyFrontier,0.898560545384233,-3.602199816210572e-08,-1.6739423553164902e-06,1.0,0.0
HFC,2018-02-08,45.65,46.11,44.35,44.36,2515811.0,0.0,1.0,45.65,46.11,44.35,44.36,2515811.0,2018-02-08,45.650001525878906,46.11000061035156,44.349998474121094,44.36000061035156,39.86014938354492,2515800.0,HFC,HollyFrontier,0.8985606139564257,7.631338028168955e-08,3.4943894886125615e-06,1.0,0.0
HFC,2018-02-09,44.715,45.24,42.88,44.5,2806873.0,0.0,1.0,44.715,45.24,42.88,44.5,2806873.0,2018-02-09,44.720001220703125,45.2400016784668,42.880001068115234,44.5,39.98593521118164,2808300.0,HFC,HollyFrontier,0.8985603418243066,-3.028533801519018e-07,-1.3434580196393605e-05,1.0,0.0
HFC,2018-02-12,44.93,45.94,44.4787,44.73,2388359.0,0.0,1.0,44.93,45.94,44.4787,44.73,2388359.0,2018-02-12,44.93000030517578,45.939998626708984,44.47999954223633,44.72999954223633,40.19261169433594,2388400.0,HFC,HollyFrontier,0.8985605210298301,1.994362706092545e-07,8.874912273415525e-06,1.0,0.0
HFC,2018-02-13,44.63,45.36,44.485,45.26,2096862.0,0.0,1.0,44.63,45.36,44.485,45.26,2096862.0,2018-02-13,44.630001068115234,45.36000061035156,44.4900016784668,45.2599983215332,40.66884231567383,2104900.0,HFC,HollyFrontier,0.898560402648644,-1.317453675042657e-07,-5.892971002857857e-06,1.0,0.0
HFC,2018-02-14,44.8,46.87,44.74,46.78,1866161.0,0.0,1.0,44.8,46.87,44.74,46.78,1866161.0,2018-02-14,44.79999923706055,46.869998931884766,44.7400016784668,46.779998779296875,42.034664154052734,1866200.0,HFC,HollyFrontier,0.8985606081857306,2.2874042304721343e-07,1.035278879647027e-05,1.0,0.0
HFC,2018-02-15,46.89,47.88,46.12,46.81,1952050.0,0.0,1.0,46.89,47.88,46.12,46.81,1952050.0,2018-02-15,46.88999938964844,47.880001068115234,46.119998931884766,46.810001373291016,42.06161880493164,1952100.0,HFC,HollyFrontier,0.8985605120902919,-1.069437474132684e-07,-5.002828913582939e-06,1.0,0.0
HFC,2018-02-16,46.58,46.9,45.9,46.4,1424899.0,0.0,1.0,46.58,46.9,45.9,46.4,1424899.0,2018-02-16,46.58000183105469,46.900001525878906,45.900001525878906,46.400001525878906,41.69321060180664,1424900.0,HFC,HollyFrontier,0.8985605437653461,3.5250885987991865e-08,1.6500939643411288e-06,1.0,0.0
HFC,2018-02-20,46.21,46.56,45.62,45.98,3908050.0,0.0,1.0,46.21,46.56,45.62,45.98,3908050.0,2018-02-20,46.209999084472656,46.560001373291016,45.619998931884766,45.97999954223633,41.31581115722656,3908100.0,HFC,HollyFrontier,0.8985604951838825,-5.4065876775588606e-08,-2.5086569039740373e-06,1.0,0.0
HFC,2018-02-21,44.5,45.25,43.68,44.41,4349838.0,0.0,1.0,44.5,45.25,43.68,44.41,4349838.0,2018-02-21,44.5,45.25,43.68000030517578,44.40999984741211,39.905067443847656,4368400.0,HFC,HollyFrontier,0.8985604048853207,-1.0049246790266864e-07,-4.62064408759539e-06,1.0,0.0
HFC,2018-02-22,44.63,45.13,43.88,44.09,3029435.0,0.0,1.0,44.63,45.13,43.88,44.09,3029435.0,2018-02-22,44.630001068115234,45.130001068115234,43.880001068115234,44.09000015258789,39.61753845214844,3113700.0,HFC,HollyFrontier,0.8985606331376494,2.5402001635477234e-07,1.1281026022934308e-05,1.0,0.0
HFC,2018-02-23,44.46,45.105,44.21,45.0,2702572.0,0.0,1.0,44.46,45.105,44.21,45.0,2702572.0,2018-02-23,44.459999084472656,45.11000061035156,44.209999084472656,45.0,40.43521881103515,2735200.0,HFC,HollyFrontier,0.8985604180230033,-2.393991436200338e-07,-1.055511080454294e-05,1.0,0.0
HFC,2018-02-26,45.13,45.32,44.83,45.06,2208889.0,0.0,1.0,45.13,45.32,44.83,45.06,2208889.0,2018-02-26,45.130001068115234,45.31999969482422,44.83000183105469,45.060001373291016,40.4891357421875,2211200.0,HFC,HollyFrontier,0.8985604640080446,5.117634871432131e-08,2.302935572240372e-06,1.0,0.0
HFC,2018-02-27,44.75,46.06,44.37,44.4,1979816.0,0.0,1.0,44.75,46.06,44.37,44.4,1979816.0,2018-02-27,44.75,46.060001373291016,44.369998931884766,44.400001525878906,40.190425872802734,1985900.0,HFC,HollyFrontier,0.9051897408016397,0.007377663562032399,0.3300028800136187,1.0,0.0
HFC,2018-02-28,44.55,44.81,42.79,42.83,2609404.0,0.0,1.0,44.55,44.81,42.79,42.83,2609404.0,2018-02-28,44.54999923706055,44.810001373291016,42.790000915527344,42.83000183105469,38.7692756652832,2643800.0,HFC,HollyFrontier,0.9051896803135978,-6.682360520482433e-08,-2.9669683751639363e-06,1.0,0.0
HFC,2018-03-01,42.82,43.7,42.42,43.45,3178563.0,0.0,1.0,42.82,43.7,42.42,43.45,3178563.0,2018-03-01,42.81999969482422,43.70000076293945,42.41999816894531,43.45000076293945,39.33049774169922,3178600.0,HFC,HollyFrontier,0.9051898055487734,1.3835241197135417e-07,5.92563324018924e-06,1.0,0.0
HFC,2018-03-02,43.03,45.3547,42.74,44.08,2130601.0,0.0,1.0,43.03,45.3547,42.74,44.08,2130601.0,2018-03-02,43.029998779296875,44.22999954223633,42.7400016784668,44.08000183105469,39.90076446533203,2130600.0,HFC,HollyFrontier,0.9051897188720543,-9.575529735794674e-08,-4.160568143643568e-06,1.0,0.0
HFC,2018-03-05,43.83,44.67,43.44,44.42,1620093.0,0.0,1.0,43.83,44.67,43.44,44.42,1620093.0,2018-03-05,43.83000183105469,44.66999816894531,43.439998626708984,44.41999816894531,40.20852279663086,1620100.0,HFC,HollyFrontier,0.9051896545268487,-7.10847729568087e-08,-3.133417147213946e-06,1.0,0.0
HFC,2018-03-06,44.66,45.59,44.38,45.23,2441910.0,0.0,1.0,44.66,45.59,44.38,45.23,2441910.0,2018-03-06,44.65999984741211,45.59000015258789,44.380001068115234,45.22999954223633,40.94172668457031,2441900.0,HFC,HollyFrontier,0.9051896329633704,-2.382205566142659e-08,-1.0581756984507452e-06,1.0,0.0
HFC,2018-03-07,44.76,46.33,44.725,44.95,2214598.0,0.0,1.0,44.76,46.33,44.725,44.95,2214598.0,2018-03-07,44.7599983215332,46.33000183105469,44.72999954223633,44.95000076293945,40.68827438354492,2214600.0,HFC,HollyFrontier,0.905189626094328,-7.588512040967998e-09,-3.4322839613923744e-07,1.0,0.0
HFC,2018-03-08,45.03,45.37,44.355,45.29,1942397.0,0.0,1.0,45.03,45.37,44.355,45.29,1942397.0,2018-03-08,45.029998779296875,45.369998931884766,44.36000061035156,45.290000915527344,40.99604034423828,2121100.0,HFC,HollyFrontier,0.905189655895615,3.292270056576285e-08,1.4798753656445416e-06,1.0,0.0
HFC,2018-03-09,45.79,46.58,45.68,46.52,2291117.0,0.0,1.0,45.79,46.58,45.68,46.52,2291117.0,2018-03-09,45.790000915527344,46.58000183105469,45.68000030517578,46.52000045776367,42.10942077636719,2397400.0,HFC,HollyFrontier,0.905189603654434,-5.771296718304342e-08,-2.6138204924320415e-06,1.0,0.0
HFC,2018-03-12,46.7,47.0,45.88,45.99,1794447.0,0.0,1.0,46.7,47.0,45.88,45.99,1794447.0,2018-03-12,46.70000076293945,47.0,45.880001068115234,45.9900016784668,41.629676818847656,1795700.0,HFC,HollyFrontier,0.9051897216681184,1.3037454693609618e-07,6.065023192940019e-06,1.0,0.0
HFC,2018-03-13,46.35,47.0,45.95,46.14,1517222.0,0.0,1.0,46.35,47.0,45.95,46.14,1517222.0,2018-03-13,46.349998474121094,47.0,45.95000076293945,46.13999938964844,41.76545715332031,1517200.0,HFC,HollyFrontier,0.9051898072345974,9.452877880455901e-08,4.347378287411815e-06,1.0,0.0
HFC,2018-03-14,46.22,46.86,46.01,46.27,1514947.0,0.0,1.0,46.22,46.86,46.01,46.27,1514947.0,2018-03-14,46.220001220703125,46.86000061035156,46.0099983215332,46.27000045776367,41.88312911987305,1515900.0,HFC,HollyFrontier,0.9051897278044105,-8.774975834846543e-08,-4.048774155219821e-06,1.0,0.0
HFC,2018-03-15,46.23,46.55,44.7,45.59,2341573.0,0.0,1.0,46.23,46.55,44.7,45.59,2341573.0,2018-03-15,46.22999954223633,46.54999923706055,44.70000076293945,45.59000015258789,41.267601013183594,2760300.0,HFC,HollyFrontier,0.9051897537850976,2.870192439274888e-08,1.328038018832175e-06,1.0,0.0
HFC,2018-03-16,45.82,46.59,45.695,46.51,3474987.0,0.0,1.0,45.82,46.59,45.695,46.51,3474987.0,2018-03-16,45.81999969482422,46.59000015258789,45.70000076293945,46.5099983215332,42.100372314453125,3813200.0,HFC,HollyFrontier,0.9051897190665236,-3.835502315752137e-08,-1.7486055824650065e-06,1.0,0.0
HFC,2018-03-19,46.46,46.73,45.8,46.26,1766561.0,0.0,1.0,46.46,46.73,45.8,46.26,1766561.0,2018-03-19,46.459999084472656,46.72999954223633,45.79999923706055,46.2599983215332,41.87407684326172,1767600.0,HFC,HollyFrontier,0.9051897614049433,4.677297904542854e-08,2.175411073623047e-06,1.0,0.0
HFC,2018-03-20,46.7,48.66,46.6,48.01,2344052.0,0.0,1.0,46.7,48.66,46.6,48.01,2344052.0,2018-03-20,46.70000076293945,48.65999984741211,46.599998474121094,48.0099983215332,43.45815658569336,2344100.0,HFC,HollyFrontier,0.9051897126645332,-5.384551637899193e-08,-2.4908936359833265e-06,1.0,0.0
HFC,2018-03-21,48.16,49.74,47.96,49.03,2147290.0,0.0,1.0,48.16,49.74,47.96,49.03,2147290.0,2018-03-21,48.15999984741211,49.7400016784668,47.959999084472656,49.029998779296875,44.381446838378906,2147300.0,HFC,HollyFrontier,0.9051896378410509,-8.266055306904718e-08,-3.968533344573156e-06,1.0,0.0
HFC,2018-03-22,48.47,49.2,48.1,48.18,1714837.0,0.0,1.0,48.47,49.2,48.1,48.18,1714837.0,2018-03-22,48.470001220703125,49.20000076293945,48.099998474121094,48.18000030517578,43.612037658691406,1717200.0,HFC,HollyFrontier,0.905189650943326,1.4474619058901794e-08,7.096905439018955e-07,1.0,0.0
HFC,2018-03-23,48.43,49.15,47.73,47.81,1506574.0,0.0,1.0,48.43,49.15,47.73,47.81,1506574.0,2018-03-23,48.43000030517578,49.150001525878906,47.72999954223633,47.810001373291016,43.27711868286133,1507300.0,HFC,HollyFrontier,0.9051896557158022,5.272349445917257e-09,2.540217979132868e-07,1.0,0.0
HFC,2018-03-26,48.59,49.44,47.99,49.36,1638880.0,0.0,1.0,48.59,49.44,47.99,49.36,1638880.0,2018-03-26,48.59000015258789,49.439998626708984,47.9900016784668,49.36000061035156,44.6801643371582,1639900.0,HFC,HollyFrontier,0.9051897039034492,5.323486274022571e-08,2.5451587227097626e-06,1.0,0.0
HFC,2018-03-27,49.7,50.5,48.61,48.98,1549085.0,0.0,1.0,49.7,50.5,48.61,48.98,1549085.0,2018-03-27,49.70000076293945,50.5,48.61000061035156,48.97999954223633,44.336185455322266,1549600.0,HFC,HollyFrontier,0.9051895849261979,-1.3143902410917008e-07,-6.487831165142152e-06,1.0,0.0
