date,open,high,low,close,adj_close,volume,Name,Company Name
2018-03-28,219.08999633789065,224.1199951171875,216.0399932861328,221.8999938964844,210.5957489013672,770900.0,ADS,Alliance Data Systems
2018-03-29,220.6499938964844,222.3800048828125,205.61000061035156,212.86000061035156,202.01629638671875,2367800.0,ADS,Alliance Data Systems
2018-04-02,212.8500061035156,214.0399932861328,207.07000732421875,208.0,197.40386962890625,863300.0,ADS,Alliance Data Systems
2018-04-03,208.3000030517578,208.3000030517578,204.3699951171875,206.1999969482422,195.695556640625,994300.0,ADS,Alliance Data Systems
2018-04-04,203.88999938964844,207.8999938964844,203.6699981689453,207.47000122070312,196.90084838867188,840300.0,ADS,Alliance Data Systems
2018-04-05,207.5099945068359,210.3500061035156,207.1499938964844,209.92999267578125,199.23553466796875,742200.0,ADS,Alliance Data Systems
2018-04-06,207.41000366210935,208.57000732421875,204.66000366210935,205.75,195.2684783935547,771000.0,ADS,Alliance Data Systems
2018-04-09,206.2400054931641,208.8699951171875,205.75,206.32000732421875,195.80946350097656,602000.0,ADS,Alliance Data Systems
2018-04-10,209.16000366210935,211.25,207.6499938964844,210.4499969482422,199.72906494140625,463300.0,ADS,Alliance Data Systems
2018-04-11,208.27000427246097,210.16000366210935,205.4900054931641,205.8699951171875,195.3823699951172,611500.0,ADS,Alliance Data Systems
2018-04-12,206.5800018310547,209.72999572753903,206.3300018310547,207.9499969482422,197.35643005371097,624100.0,ADS,Alliance Data Systems
2018-04-13,206.77999877929688,207.6499938964844,204.91000366210935,205.97999572753903,195.4867706298828,702700.0,ADS,Alliance Data Systems
2018-04-16,207.07000732421875,212.1999969482422,207.0,210.5500030517578,199.8239593505859,623100.0,ADS,Alliance Data Systems
2018-04-17,210.3000030517578,213.4600067138672,209.80999755859375,211.5800018310547,200.801513671875,628600.0,ADS,Alliance Data Systems
2018-04-18,212.92999267578125,215.32000732421875,212.1300048828125,213.61000061035156,202.72808837890625,901400.0,ADS,Alliance Data Systems
2018-04-19,208.25,213.08999633789065,202.0,211.66000366210935,200.87741088867188,1927900.0,ADS,Alliance Data Systems
2018-04-20,213.9900054931641,217.30999755859375,209.02000427246097,209.32000732421875,198.6566162109375,1234600.0,ADS,Alliance Data Systems
2018-04-23,210.30999755859375,210.97999572753903,205.91000366210935,207.7899932861328,197.20457458496097,750400.0,ADS,Alliance Data Systems
2018-04-24,209.42999267578125,209.7899932861328,204.07000732421875,205.3699951171875,194.9078369140625,616000.0,ADS,Alliance Data Systems
2018-04-25,205.1300048828125,205.2400054931641,202.63999938964844,204.1000061035156,193.7025451660156,724000.0,ADS,Alliance Data Systems
2018-04-26,204.8699951171875,205.91000366210935,203.52000427246097,203.9600067138672,193.56967163085935,530500.0,ADS,Alliance Data Systems
2018-04-27,204.0500030517578,204.94000244140625,203.92999267578125,204.47999572753903,194.06314086914065,402500.0,ADS,Alliance Data Systems
2018-04-30,204.47999572753903,204.92999267578125,202.44000244140625,203.0500030517578,192.70602416992188,818700.0,ADS,Alliance Data Systems
2018-05-01,203.0,203.8300018310547,201.4900054931641,203.3000030517578,192.94329833984375,539900.0,ADS,Alliance Data Systems
2018-05-02,203.82000732421875,204.38999938964844,198.6999969482422,199.25,189.09962463378903,670800.0,ADS,Alliance Data Systems
2018-05-03,197.97000122070312,199.3000030517578,193.8699951171875,194.63999938964844,184.72447204589844,903400.0,ADS,Alliance Data Systems
2018-05-04,193.30999755859375,197.4900054931641,192.02000427246097,197.02000427246097,186.9832305908203,618300.0,ADS,Alliance Data Systems
2018-05-07,198.1999969482422,200.33999633789065,197.57000732421875,199.1000061035156,188.9572601318359,693200.0,ADS,Alliance Data Systems
2018-05-08,199.47999572753903,202.69000244140625,198.13999938964844,201.75,191.4722595214844,997800.0,ADS,Alliance Data Systems
2018-05-09,202.07000732421875,205.8000030517578,201.75,203.8800048828125,193.4937744140625,853700.0,ADS,Alliance Data Systems
2018-05-10,204.13999938964844,207.1499938964844,203.97000122070312,206.6699981689453,196.14161682128903,605500.0,ADS,Alliance Data Systems
2018-05-11,206.77999877929688,208.72000122070312,206.77999877929688,208.0500030517578,197.99740600585935,487300.0,ADS,Alliance Data Systems
2018-05-14,208.13999938964844,210.08999633789065,207.97999572753903,209.4499969482422,199.32974243164065,928000.0,ADS,Alliance Data Systems
2018-05-15,208.0,208.33999633789065,202.47999572753903,207.86000061035156,197.81658935546875,850700.0,ADS,Alliance Data Systems
2018-05-16,207.6699981689453,211.57000732421875,207.3300018310547,209.67999267578125,199.54864501953125,571000.0,ADS,Alliance Data Systems
2018-05-17,209.69000244140625,211.61000061035156,209.6199951171875,210.57000732421875,200.3956756591797,455700.0,ADS,Alliance Data Systems
2018-05-18,210.9900054931641,211.52000427246097,209.83999633789065,210.08999633789065,199.93881225585935,437900.0,ADS,Alliance Data Systems
2018-05-21,210.8999938964844,214.0500030517578,210.4900054931641,212.69000244140625,202.41322326660156,497400.0,ADS,Alliance Data Systems
2018-05-22,213.07000732421875,214.0500030517578,212.5,212.7400054931641,202.46083068847656,417100.0,ADS,Alliance Data Systems
2018-05-23,211.3500061035156,214.8500061035156,210.5399932861328,214.8000030517578,204.4212646484375,584500.0,ADS,Alliance Data Systems
2018-05-24,214.88999938964844,215.6199951171875,212.63999938964844,213.8999938964844,203.5647125244141,377200.0,ADS,Alliance Data Systems
2018-05-25,214.1699981689453,214.80999755859375,212.8000030517578,213.1300048828125,202.8319396972656,280800.0,ADS,Alliance Data Systems
2018-05-29,212.02000427246097,212.47000122070312,208.8699951171875,209.88999938964844,199.74847412109375,416500.0,ADS,Alliance Data Systems
2018-05-30,211.3699951171875,213.75,210.52999877929688,213.3000030517578,202.9937438964844,373600.0,ADS,Alliance Data Systems
2018-05-31,213.5800018310547,213.5800018310547,209.8500061035156,210.82000732421875,200.6335601806641,659500.0,ADS,Alliance Data Systems
2018-06-01,211.9900054931641,212.97999572753903,209.67999267578125,209.8999938964844,199.7580108642578,543500.0,ADS,Alliance Data Systems
2018-06-04,210.4900054931641,212.2899932861328,210.38999938964844,212.0099945068359,201.76608276367188,346200.0,ADS,Alliance Data Systems
2018-06-05,211.83999633789065,216.17999267578125,211.83999633789065,216.07000732421875,205.62991333007812,543800.0,ADS,Alliance Data Systems
2018-06-06,216.0,223.0500030517578,216.0,222.3300018310547,211.58741760253903,793700.0,ADS,Alliance Data Systems
2018-06-07,222.38999938964844,223.19000244140625,218.8500061035156,220.57000732421875,209.91244506835935,463800.0,ADS,Alliance Data Systems
2018-06-08,220.08999633789065,222.55999755859375,219.1300048828125,222.3800048828125,211.6350250244141,339900.0,ADS,Alliance Data Systems
2018-06-11,223.05999755859375,223.3300018310547,221.42999267578125,222.19000244140625,211.4541931152344,328300.0,ADS,Alliance Data Systems
2018-06-12,222.19000244140625,227.0,220.57000732421875,224.52999877929688,213.6811065673828,478100.0,ADS,Alliance Data Systems
2018-06-13,225.61000061035156,225.61000061035156,223.5099945068359,224.22999572753903,213.3956298828125,441100.0,ADS,Alliance Data Systems
2018-06-14,225.3699951171875,227.91000366210935,223.7899932861328,226.47000122070312,215.52737426757812,588300.0,ADS,Alliance Data Systems
2018-06-15,226.08999633789065,235.3800048828125,222.07000732421875,232.3300018310547,221.1042327880859,1159400.0,ADS,Alliance Data Systems
2018-06-18,234.22999572753903,237.0500030517578,230.58999633789065,233.47000122070312,222.18914794921875,590400.0,ADS,Alliance Data Systems
2018-06-19,231.1999969482422,234.5399932861328,229.8300018310547,234.4900054931641,223.1598663330078,643200.0,ADS,Alliance Data Systems
2018-06-20,234.9600067138672,238.1300048828125,234.3800048828125,236.6699981689453,225.23455810546875,585300.0,ADS,Alliance Data Systems
2018-06-21,236.52999877929688,239.4600067138672,233.6999969482422,236.5800018310547,225.1488800048828,493100.0,ADS,Alliance Data Systems
2018-06-22,237.32000732421875,239.9499969482422,235.6499938964844,236.6199951171875,225.18695068359375,587500.0,ADS,Alliance Data Systems
2018-06-25,236.0,239.6199951171875,232.97000122070312,234.7400054931641,223.39781188964844,517300.0,ADS,Alliance Data Systems
2018-06-26,235.30999755859375,236.2400054931641,231.82000732421875,232.1000061035156,220.88536071777344,410600.0,ADS,Alliance Data Systems
2018-06-27,233.80999755859375,233.8999938964844,229.77999877929688,229.8500061035156,218.74407958984375,485100.0,ADS,Alliance Data Systems
2018-06-28,229.4199981689453,236.1199951171875,229.4199981689453,235.55999755859375,224.17816162109375,427200.0,ADS,Alliance Data Systems
2018-06-29,236.3300018310547,236.7599945068359,233.0,233.1999969482422,221.9322052001953,471700.0,ADS,Alliance Data Systems
2018-07-02,231.1499938964844,236.63999938964844,231.1499938964844,236.4499969482422,225.0251617431641,354700.0,ADS,Alliance Data Systems
2018-07-03,236.3699951171875,237.8699951171875,234.8500061035156,235.2400054931641,223.8736267089844,233900.0,ADS,Alliance Data Systems
2018-07-05,235.80999755859375,238.13999938964844,235.5099945068359,238.0099945068359,226.50979614257812,272400.0,ADS,Alliance Data Systems
2018-07-06,238.16000366210935,241.0399932861328,238.16000366210935,240.6000061035156,228.97463989257812,228500.0,ADS,Alliance Data Systems
2018-07-09,242.69000244140625,245.92999267578125,241.66000366210935,244.1699981689453,232.37213134765625,510000.0,ADS,Alliance Data Systems
2018-07-10,244.69000244140625,245.38999938964844,242.63999938964844,243.36000061035156,231.60128784179688,610100.0,ADS,Alliance Data Systems
2018-07-11,242.5399932861328,243.5399932861328,241.07000732421875,242.25,230.54495239257812,329300.0,ADS,Alliance Data Systems
2018-07-12,244.07000732421875,245.2100067138672,241.86000061035156,244.16000366210935,232.36265563964844,513200.0,ADS,Alliance Data Systems
2018-07-13,243.6199951171875,244.3999938964844,241.0800018310547,243.5,231.73452758789065,366000.0,ADS,Alliance Data Systems
2018-07-16,232.9600067138672,236.1999969482422,218.3999938964844,218.97000122070312,208.38975524902344,1639300.0,ADS,Alliance Data Systems
2018-07-17,219.0,226.17999267578125,219.0,225.44000244140625,214.5471649169922,722200.0,ADS,Alliance Data Systems
2018-07-18,226.47000122070312,228.2599945068359,223.92999267578125,226.1499938964844,215.22283935546875,661700.0,ADS,Alliance Data Systems
2018-07-19,226.19000244140625,232.0,216.07000732421875,227.19000244140625,216.21261596679688,1144300.0,ADS,Alliance Data Systems
2018-07-20,227.25,237.2599945068359,225.92999267578125,233.0800018310547,221.8179931640625,954900.0,ADS,Alliance Data Systems
2018-07-23,232.30999755859375,235.8500061035156,231.69000244140625,233.3699951171875,222.0939788818359,426400.0,ADS,Alliance Data Systems
2018-07-24,235.2599945068359,235.41000366210935,230.66000366210935,232.5099945068359,221.27554321289065,459700.0,ADS,Alliance Data Systems
2018-07-25,233.7100067138672,237.6699981689453,233.7100067138672,236.1999969482422,224.78721618652344,347800.0,ADS,Alliance Data Systems
2018-07-26,235.88999938964844,237.44000244140625,234.0399932861328,234.1499938964844,222.83631896972656,318200.0,ADS,Alliance Data Systems
2018-07-27,232.88999938964844,232.88999938964844,224.97000122070312,227.33999633789065,216.3553466796875,753000.0,ADS,Alliance Data Systems
2018-07-30,227.97999572753903,230.55999755859375,224.61000061035156,225.0800018310547,214.20452880859375,417000.0,ADS,Alliance Data Systems
2018-07-31,225.8999938964844,227.4199981689453,224.2599945068359,224.8800048828125,214.01422119140625,309800.0,ADS,Alliance Data Systems
2018-08-01,224.83999633789065,226.75,223.6499938964844,225.5500030517578,214.65184020996097,282000.0,ADS,Alliance Data Systems
2018-08-02,224.82000732421875,225.7100067138672,223.11000061035156,225.08999633789065,214.21405029296875,295100.0,ADS,Alliance Data Systems
2018-08-03,225.6999969482422,228.58999633789065,223.7100067138672,227.58999633789065,216.59327697753903,369900.0,ADS,Alliance Data Systems
2018-08-06,227.6300048828125,228.1999969482422,226.27999877929688,227.91000366210935,216.89779663085935,189500.0,ADS,Alliance Data Systems
2018-08-07,228.5,230.17999267578125,227.88999938964844,229.97999572753903,218.86778259277344,330100.0,ADS,Alliance Data Systems
2018-08-08,230.6499938964844,232.33999633789065,229.5399932861328,230.5099945068359,219.37217712402344,228200.0,ADS,Alliance Data Systems
2018-08-09,230.6000061035156,231.7899932861328,230.17999267578125,230.61000061035156,219.4673309326172,162200.0,ADS,Alliance Data Systems
2018-08-10,229.58999633789065,230.91000366210935,226.5500030517578,228.16000366210935,217.13572692871097,242900.0,ADS,Alliance Data Systems
2018-08-13,227.8000030517578,229.8800048828125,226.5800018310547,227.36000061035156,216.9163055419922,258500.0,ADS,Alliance Data Systems
2018-08-14,230.0500030517578,232.67999267578125,229.02000427246097,231.42999267578125,220.79933166503903,379200.0,ADS,Alliance Data Systems
2018-08-15,229.1499938964844,231.2599945068359,225.0399932861328,230.6300048828125,220.03610229492188,534100.0,ADS,Alliance Data Systems
2018-08-16,232.30999755859375,236.9499969482422,231.38999938964844,234.9900054931641,224.19583129882812,283600.0,ADS,Alliance Data Systems
2018-08-17,235.1000061035156,238.42999267578125,232.83999633789065,238.02999877929688,227.09617614746097,308800.0,ADS,Alliance Data Systems
2018-08-20,238.3699951171875,240.6000061035156,236.0800018310547,240.30999755859375,229.27145385742188,422800.0,ADS,Alliance Data Systems
2018-08-21,241.2599945068359,242.52999877929688,240.5399932861328,240.8800048828125,229.8152618408203,271200.0,ADS,Alliance Data Systems
2018-08-22,240.0,241.88999938964844,238.86000061035156,240.3300018310547,229.29055786132812,342100.0,ADS,Alliance Data Systems
2018-08-23,240.25,240.75,236.72000122070312,237.0500030517578,226.1612243652344,577300.0,ADS,Alliance Data Systems
2018-08-24,238.42999267578125,239.1499938964844,236.33999633789065,236.92999267578125,226.04669189453125,334600.0,ADS,Alliance Data Systems
2018-08-27,238.27999877929688,240.97999572753903,237.75,238.9900054931641,228.0120849609375,473500.0,ADS,Alliance Data Systems
2018-08-28,239.44000244140625,240.8999938964844,238.0800018310547,238.58999633789065,227.63047790527344,362900.0,ADS,Alliance Data Systems
2018-08-29,238.8999938964844,241.6999969482422,238.2400054931641,240.91000366210935,229.8438720703125,346400.0,ADS,Alliance Data Systems
2018-08-30,240.55999755859375,240.77000427246097,238.33999633789065,239.19000244140625,228.2029266357422,209800.0,ADS,Alliance Data Systems
2018-08-31,238.6999969482422,241.13999938964844,238.0,238.5800018310547,227.62088012695312,329500.0,ADS,Alliance Data Systems
2018-09-04,238.4499969482422,239.3699951171875,235.44000244140625,236.8999938964844,226.01806640625,367900.0,ADS,Alliance Data Systems
2018-09-05,236.61000061035156,239.72000122070312,233.88999938964844,238.8500061035156,227.8785400390625,508600.0,ADS,Alliance Data Systems
2018-09-06,238.05999755859375,239.8000030517578,237.1499938964844,237.97999572753903,227.0484619140625,289000.0,ADS,Alliance Data Systems
2018-09-07,237.7599945068359,238.42999267578125,236.08999633789065,236.9499969482422,226.06578063964844,314900.0,ADS,Alliance Data Systems
2018-09-10,238.0500030517578,239.9600067138672,236.88999938964844,237.5500030517578,226.6382598876953,271800.0,ADS,Alliance Data Systems
2018-09-11,236.97999572753903,238.2100067138672,235.0099945068359,237.72999572753903,226.8099365234375,313700.0,ADS,Alliance Data Systems
2018-09-12,237.25,244.0,234.02999877929688,243.5399932861328,232.35304260253903,609000.0,ADS,Alliance Data Systems
2018-09-13,243.6199951171875,247.08999633789065,242.75,243.36000061035156,232.18133544921875,421900.0,ADS,Alliance Data Systems
2018-09-14,243.36000061035156,244.1999969482422,239.41000366210935,241.47999572753903,230.3876953125,356200.0,ADS,Alliance Data Systems
2018-09-17,242.5,248.44000244140625,241.8000030517578,246.1199951171875,234.8145446777344,584700.0,ADS,Alliance Data Systems
2018-09-18,245.9600067138672,247.82000732421875,243.22000122070312,246.86000061035156,235.5205993652344,294500.0,ADS,Alliance Data Systems
2018-09-19,247.3000030517578,247.92999267578125,244.4499969482422,247.5,236.13121032714844,428100.0,ADS,Alliance Data Systems
2018-09-20,248.0,249.2899932861328,246.69000244140625,247.8000030517578,236.4173889160156,576200.0,ADS,Alliance Data Systems
2018-09-21,249.1000061035156,250.27000427246097,246.58999633789065,248.69000244140625,237.2665252685547,626200.0,ADS,Alliance Data Systems
2018-09-24,248.7400054931641,248.7400054931641,244.55999755859375,244.82000732421875,233.5742645263672,362600.0,ADS,Alliance Data Systems
2018-09-25,245.38999938964844,245.6999969482422,242.80999755859375,243.07000732421875,231.9046630859375,459300.0,ADS,Alliance Data Systems
2018-09-26,243.0,244.0099945068359,238.9600067138672,239.2100067138672,228.22195434570312,931200.0,ADS,Alliance Data Systems
2018-09-27,238.9900054931641,238.9900054931641,235.7599945068359,236.2400054931641,225.38839721679688,355700.0,ADS,Alliance Data Systems
2018-09-28,235.77000427246097,236.8000030517578,234.61000061035156,236.16000366210935,225.3120880126953,681900.0,ADS,Alliance Data Systems
2018-10-01,237.66000366210935,240.94000244140625,237.3699951171875,237.83999633789065,226.91490173339844,450000.0,ADS,Alliance Data Systems
2018-10-02,238.0500030517578,238.7599945068359,233.5099945068359,233.5399932861328,222.8124084472656,407900.0,ADS,Alliance Data Systems
2018-10-03,235.22000122070312,238.05999755859375,234.27000427246097,237.0,226.1134796142578,415500.0,ADS,Alliance Data Systems
2018-10-04,236.91000366210935,238.2899932861328,234.9600067138672,235.5800018310547,224.7586975097656,470800.0,ADS,Alliance Data Systems
2018-10-05,235.9600067138672,236.5,229.5,231.3300018310547,220.70394897460935,289000.0,ADS,Alliance Data Systems
2018-10-08,229.7100067138672,232.25,226.8300018310547,229.4199981689453,218.8816375732422,432400.0,ADS,Alliance Data Systems
2018-10-09,229.11000061035156,230.1199951171875,225.77999877929688,227.2599945068359,216.8208770751953,313000.0,ADS,Alliance Data Systems
2018-10-10,227.7400054931641,228.5800018310547,220.4600067138672,220.6999969482422,210.56222534179688,717700.0,ADS,Alliance Data Systems
2018-10-11,220.25,220.6999969482422,210.33999633789065,211.69000244140625,201.9660797119141,756700.0,ADS,Alliance Data Systems
2018-10-12,215.5,217.2100067138672,210.41000366210935,213.52000427246097,203.71202087402344,736300.0,ADS,Alliance Data Systems
2018-10-15,213.0,213.5399932861328,210.2400054931641,210.33999633789065,200.67807006835935,683700.0,ADS,Alliance Data Systems
2018-10-16,211.3999938964844,214.5399932861328,209.19000244140625,213.0500030517578,203.26364135742188,850900.0,ADS,Alliance Data Systems
2018-10-17,214.17999267578125,215.27000427246097,210.3000030517578,211.4600067138672,201.74668884277344,662500.0,ADS,Alliance Data Systems
2018-10-18,211.6300048828125,223.7599945068359,211.6300048828125,223.11000061035156,212.8614959716797,1759300.0,ADS,Alliance Data Systems
2018-10-19,222.0800018310547,223.1000061035156,215.30999755859375,216.17999267578125,206.2498321533203,1106100.0,ADS,Alliance Data Systems
2018-10-22,217.0,217.8000030517578,207.9499969482422,207.9600067138672,198.4074249267578,840000.0,ADS,Alliance Data Systems
2018-10-23,205.02999877929688,206.8300018310547,200.05999755859375,205.47999572753903,196.0413360595703,642000.0,ADS,Alliance Data Systems
2018-10-24,205.80999755859375,206.47000122070312,198.3800048828125,198.92999267578125,189.7922210693359,788400.0,ADS,Alliance Data Systems
2018-10-25,200.52000427246097,203.77999877929688,199.52000427246097,202.66000366210935,193.3508758544922,454100.0,ADS,Alliance Data Systems
2018-10-26,200.75,202.47999572753903,195.2599945068359,199.0500030517578,189.90670776367188,633100.0,ADS,Alliance Data Systems
2018-10-29,200.41000366210935,206.32000732421875,197.9199981689453,200.6000061035156,191.3855438232422,714900.0,ADS,Alliance Data Systems
2018-10-30,201.2599945068359,204.6300048828125,199.25,201.5800018310547,192.3205108642578,511300.0,ADS,Alliance Data Systems
2018-10-31,203.77999877929688,208.27000427246097,203.77999877929688,206.17999267578125,196.7091827392578,634600.0,ADS,Alliance Data Systems
2018-11-01,206.6199951171875,208.9199981689453,205.19000244140625,207.52000427246097,197.98764038085935,394900.0,ADS,Alliance Data Systems
2018-11-02,208.52999877929688,209.8699951171875,203.69000244140625,204.83999633789065,195.4307403564453,295000.0,ADS,Alliance Data Systems
2018-11-05,205.47000122070312,208.3500061035156,203.9199981689453,205.9199981689453,196.46115112304688,323900.0,ADS,Alliance Data Systems
2018-11-06,206.3999938964844,209.5099945068359,205.30999755859375,207.5399932861328,198.0067138671875,507300.0,ADS,Alliance Data Systems
2018-11-07,209.47000122070312,213.08999633789065,208.07000732421875,212.8300018310547,203.0537109375,290600.0,ADS,Alliance Data Systems
2018-11-08,212.13999938964844,214.9499969482422,210.7899932861328,212.9199981689453,203.13958740234375,308500.0,ADS,Alliance Data Systems
2018-11-09,210.8500061035156,211.52999877929688,206.2100067138672,208.2599945068359,198.69363403320312,295000.0,ADS,Alliance Data Systems
2018-11-12,207.97999572753903,207.97999572753903,203.22999572753903,203.6999969482422,194.34312438964844,366300.0,ADS,Alliance Data Systems
2018-11-13,204.44000244140625,207.66000366210935,202.8500061035156,205.27000427246097,196.3905792236328,256000.0,ADS,Alliance Data Systems
2018-11-14,206.4199981689453,207.3500061035156,199.22000122070312,199.7400054931641,191.09974670410156,451100.0,ADS,Alliance Data Systems
2018-11-15,198.07000732421875,198.97000122070312,194.8300018310547,197.8999938964844,189.33934020996097,600300.0,ADS,Alliance Data Systems
2018-11-16,197.47999572753903,199.63999938964844,196.7899932861328,198.0399932861328,189.4733123779297,364100.0,ADS,Alliance Data Systems
2018-11-19,197.5,199.11000061035156,192.17999267578125,192.97999572753903,184.63218688964844,520100.0,ADS,Alliance Data Systems
2018-11-20,189.22999572753903,197.02000427246097,189.22999572753903,192.5099945068359,184.1824951171875,541400.0,ADS,Alliance Data Systems
2018-11-21,193.6699981689453,199.67999267578125,193.6699981689453,196.0,187.5215606689453,433500.0,ADS,Alliance Data Systems
2018-11-23,194.5500030517578,196.13999938964844,194.5500030517578,194.77999877929688,186.3543243408203,115500.0,ADS,Alliance Data Systems
2018-11-26,196.7400054931641,201.27000427246097,196.7400054931641,200.9499969482422,192.2574157714844,264200.0,ADS,Alliance Data Systems
2018-11-27,200.44000244140625,202.25,190.2100067138672,193.80999755859375,185.42630004882812,744700.0,ADS,Alliance Data Systems
2018-11-28,194.0,201.77999877929688,194.0,199.57000732421875,190.9371337890625,850100.0,ADS,Alliance Data Systems
2018-11-29,197.8500061035156,199.5800018310547,196.07000732421875,196.6999969482422,188.19125366210935,426800.0,ADS,Alliance Data Systems
2018-11-30,196.7400054931641,200.5800018310547,196.22999572753903,200.36000061035156,191.6929168701172,657400.0,ADS,Alliance Data Systems
2018-12-03,202.3999938964844,203.83999633789065,193.1499938964844,199.0500030517578,190.43960571289065,844700.0,ADS,Alliance Data Systems
2018-12-04,198.6300048828125,198.6300048828125,188.66000366210935,188.86000061035156,180.6904296875,858500.0,ADS,Alliance Data Systems
2018-12-06,185.42999267578125,187.2899932861328,181.8000030517578,187.13999938964844,179.0447998046875,784500.0,ADS,Alliance Data Systems
2018-12-07,186.8999938964844,188.3500061035156,178.91000366210938,180.44000244140625,172.63462829589844,654600.0,ADS,Alliance Data Systems
2018-12-10,181.7100067138672,183.6999969482422,175.57000732421875,179.00999450683594,171.26644897460938,616800.0,ADS,Alliance Data Systems
2018-12-11,182.47999572753903,183.58999633789065,176.41000366210938,178.1699981689453,170.4628143310547,381800.0,ADS,Alliance Data Systems
2018-12-12,180.4499969482422,183.38999938964844,179.30999755859375,179.3699951171875,171.6109161376953,444000.0,ADS,Alliance Data Systems
2018-12-13,180.22999572753903,180.72999572753903,174.8000030517578,175.49000549316406,167.8987274169922,480100.0,ADS,Alliance Data Systems
2018-12-14,174.13999938964844,175.0,172.75999450683594,173.17999267578125,165.68865966796875,514600.0,ADS,Alliance Data Systems
2018-12-17,171.9600067138672,172.60000610351562,160.0500030517578,161.17999267578125,154.20777893066406,1076700.0,ADS,Alliance Data Systems
2018-12-18,163.55999755859375,165.0399932861328,159.07000732421875,160.27999877929688,153.3466796875,729000.0,ADS,Alliance Data Systems
2018-12-19,160.1199951171875,164.6199951171875,157.9199981689453,158.75,151.8828887939453,635100.0,ADS,Alliance Data Systems
2018-12-20,157.25999450683594,157.72999572753906,151.02000427246094,154.27999877929688,147.60621643066406,1147500.0,ADS,Alliance Data Systems
2018-12-21,154.27999877929688,156.4199981689453,148.5500030517578,149.05999755859375,142.61203002929688,1205400.0,ADS,Alliance Data Systems
2018-12-24,147.52000427246094,148.69000244140625,144.4499969482422,144.4600067138672,138.21104431152344,301100.0,ADS,Alliance Data Systems
2018-12-26,145.8699951171875,151.82000732421875,142.5800018310547,151.67999267578125,145.1187286376953,632500.0,ADS,Alliance Data Systems
2018-12-27,150.0,151.89999389648438,145.0800018310547,151.88999938964844,145.3196258544922,434500.0,ADS,Alliance Data Systems
2018-12-28,152.1999969482422,154.0399932861328,148.85000610351562,149.82000732421875,143.3391876220703,483400.0,ADS,Alliance Data Systems
2018-12-31,150.0,151.24000549316406,147.25999450683594,150.0800018310547,143.58792114257812,587200.0,ADS,Alliance Data Systems
2019-01-02,148.00999450683594,156.6199951171875,147.3699951171875,155.3800048828125,148.65866088867188,866600.0,ADS,Alliance Data Systems
2019-01-03,152.85000610351562,154.57000732421875,149.91000366210938,151.4499969482422,144.89866638183594,771500.0,ADS,Alliance Data Systems
2019-01-04,154.22000122070312,162.1300048828125,153.25999450683594,161.6999969482422,154.70529174804688,768900.0,ADS,Alliance Data Systems
2019-01-07,162.16000366210938,163.6999969482422,159.8699951171875,161.69000244140625,154.69570922851562,1092900.0,ADS,Alliance Data Systems
2019-01-08,163.9199981689453,165.11000061035156,161.25999450683594,164.5,157.3841552734375,695100.0,ADS,Alliance Data Systems
2019-01-09,166.55999755859375,168.63999938964844,164.4199981689453,168.10000610351562,160.8284149169922,641500.0,ADS,Alliance Data Systems
2019-01-10,167.47000122070312,170.0,166.27999877929688,167.22999572753906,159.9960479736328,915600.0,ADS,Alliance Data Systems
2019-01-11,166.41000366210938,167.57000732421875,162.13999938964844,167.47000122070312,160.2256622314453,715900.0,ADS,Alliance Data Systems
2019-01-14,166.27000427246094,169.8800048828125,165.6300048828125,168.13999938964844,160.86668395996094,422100.0,ADS,Alliance Data Systems
2019-01-15,168.69000244140625,171.2899932861328,167.4199981689453,167.61000061035156,160.35964965820312,1074400.0,ADS,Alliance Data Systems
2019-01-16,167.82000732421875,170.22999572753906,167.4600067138672,168.74000549316406,161.44073486328125,325100.0,ADS,Alliance Data Systems
2019-01-17,167.86000061035156,170.66000366210938,167.19000244140625,169.69000244140625,162.3496551513672,472000.0,ADS,Alliance Data Systems
2019-01-18,171.4499969482422,172.66000366210938,168.88999938964844,172.52000427246094,165.0572052001953,781500.0,ADS,Alliance Data Systems
2019-01-22,172.07000732421875,174.3800048828125,169.4600067138672,170.69000244140625,163.306396484375,716100.0,ADS,Alliance Data Systems
2019-01-23,173.08999633789062,176.42999267578125,171.58999633789062,173.72000122070312,166.205322265625,757100.0,ADS,Alliance Data Systems
2019-01-24,173.6699981689453,176.05999755859375,171.8800048828125,174.6300048828125,167.07595825195312,411800.0,ADS,Alliance Data Systems
2019-01-25,176.83999633789062,178.89999389648438,175.80999755859375,177.7100067138672,170.022705078125,482400.0,ADS,Alliance Data Systems
2019-01-28,175.6999969482422,179.50999450683594,175.4600067138672,178.75999450683594,171.0272979736328,620300.0,ADS,Alliance Data Systems
2019-01-29,178.1300048828125,179.25,176.49000549316406,177.80999755859375,170.118408203125,518800.0,ADS,Alliance Data Systems
2019-01-30,178.05999755859375,179.77000427246094,175.7100067138672,179.55999755859375,171.79266357421875,477300.0,ADS,Alliance Data Systems
2019-01-31,178.61000061035156,181.61000061035156,177.5500030517578,177.58999633789062,169.90789794921875,968200.0,ADS,Alliance Data Systems
2019-02-01,178.14999389648438,181.7100067138672,177.88999938964844,181.3300018310547,173.4861297607422,880200.0,ADS,Alliance Data Systems
2019-02-04,182.0,182.6499938964844,180.0,181.02999877929688,173.19911193847656,516800.0,ADS,Alliance Data Systems
2019-02-05,181.6499938964844,182.77000427246097,180.27999877929688,181.5099945068359,173.65835571289062,354000.0,ADS,Alliance Data Systems
2019-02-06,181.2100067138672,182.1999969482422,179.1699981689453,179.8800048828125,172.09884643554688,541600.0,ADS,Alliance Data Systems
2019-02-07,164.97999572753906,164.97999572753906,153.25999450683594,162.19000244140625,155.17408752441406,2330000.0,ADS,Alliance Data Systems
2019-02-08,158.9499969482422,164.8699951171875,156.05999755859375,164.32000732421875,157.21194458007812,1687200.0,ADS,Alliance Data Systems
2019-02-11,164.88999938964844,166.88999938964844,164.72999572753906,165.11000061035156,157.96774291992188,972800.0,ADS,Alliance Data Systems
2019-02-12,166.00999450683594,170.8800048828125,166.00999450683594,169.0399932861328,161.72776794433594,973000.0,ADS,Alliance Data Systems
2019-02-13,169.6999969482422,173.16000366210938,168.25999450683594,169.41000366210938,162.08175659179688,601200.0,ADS,Alliance Data Systems
2019-02-14,168.58999633789062,169.25,166.80999755859375,166.97000122070312,159.74728393554688,588300.0,ADS,Alliance Data Systems
2019-02-15,168.69000244140625,173.75999450683594,168.69000244140625,173.2100067138672,165.71739196777344,779600.0,ADS,Alliance Data Systems
2019-02-19,172.30999755859375,176.5500030517578,172.0,174.8300018310547,167.26730346679688,623700.0,ADS,Alliance Data Systems
2019-02-20,174.47000122070312,175.27000427246094,171.67999267578125,173.4199981689453,166.5183563232422,475300.0,ADS,Alliance Data Systems
2019-02-21,172.8300018310547,174.44000244140625,170.30999755859375,171.0500030517578,164.24266052246094,436400.0,ADS,Alliance Data Systems
2019-02-22,171.7100067138672,174.22999572753906,170.82000732421875,174.05999755859375,167.1328582763672,412200.0,ADS,Alliance Data Systems
2019-02-25,176.14999389648438,177.42999267578125,174.14999389648438,174.2899932861328,167.3537139892578,457100.0,ADS,Alliance Data Systems
2019-02-26,173.6199951171875,175.6199951171875,170.69000244140625,174.5500030517578,167.60337829589844,517600.0,ADS,Alliance Data Systems
2019-02-27,174.5,176.8699951171875,172.69000244140625,173.27000427246094,166.37432861328125,355600.0,ADS,Alliance Data Systems
2019-02-28,172.97000122070312,173.60000610351562,171.47000122070312,173.0,166.1150665283203,658100.0,ADS,Alliance Data Systems
2019-03-01,174.63999938964844,176.19000244140625,172.6300048828125,173.58999633789062,166.68157958984375,601800.0,ADS,Alliance Data Systems
2019-03-04,174.25,175.47999572753906,170.61000061035156,172.38999938964844,165.52932739257812,548200.0,ADS,Alliance Data Systems
2019-03-05,172.69000244140625,173.36000061035156,170.85000610351562,171.17999267578125,164.3675079345703,472100.0,ADS,Alliance Data Systems
2019-03-06,170.97999572753906,172.22999572753906,168.2100067138672,168.38999938964844,161.6885223388672,507200.0,ADS,Alliance Data Systems
2019-03-07,167.74000549316406,168.47999572753906,163.88999938964844,165.63999938964844,159.04800415039062,705000.0,ADS,Alliance Data Systems
2019-03-08,164.0,166.55999755859375,163.35000610351562,166.35000610351562,159.72972106933594,744900.0,ADS,Alliance Data Systems
2019-03-11,167.07000732421875,169.52999877929688,166.97000122070312,169.0,162.27426147460938,474400.0,ADS,Alliance Data Systems
2019-03-12,169.6999969482422,169.6999969482422,166.9600067138672,167.91000366210938,161.22764587402344,441200.0,ADS,Alliance Data Systems
2019-03-13,169.0500030517578,172.42999267578125,168.1999969482422,171.0500030517578,164.24266052246094,641300.0,ADS,Alliance Data Systems
2019-03-14,171.10000610351562,172.83999633789062,168.7100067138672,169.69000244140625,162.9368133544922,502300.0,ADS,Alliance Data Systems
2019-03-15,170.44000244140625,172.63999938964844,169.27999877929688,172.41000366210938,165.5485382080078,755000.0,ADS,Alliance Data Systems
2019-03-18,172.6199951171875,173.02000427246094,169.67999267578125,171.77999877929688,164.94361877441406,504100.0,ADS,Alliance Data Systems
2019-03-19,173.35000610351562,175.66000366210938,171.25,171.9199981689453,165.07803344726562,415500.0,ADS,Alliance Data Systems
2019-03-20,170.83999633789062,171.0800018310547,166.72999572753906,168.39999389648438,161.6981201171875,351500.0,ADS,Alliance Data Systems
2019-03-21,167.77000427246094,175.0,167.5500030517578,171.4199981689453,164.59791564941406,296800.0,ADS,Alliance Data Systems
2019-03-22,170.27000427246094,170.69000244140625,164.39999389648438,164.55999755859375,158.01095581054688,524500.0,ADS,Alliance Data Systems
2019-03-25,164.00999450683594,165.60000610351562,161.77999877929688,164.11000061035156,157.57884216308594,576100.0,ADS,Alliance Data Systems
2019-03-26,165.58999633789062,170.3000030517578,164.91000366210938,169.97999572753906,163.2152557373047,692600.0,ADS,Alliance Data Systems
2019-03-27,170.05999755859375,172.1699981689453,168.57000732421875,171.05999755859375,164.25228881835938,722500.0,ADS,Alliance Data Systems
2019-03-28,171.13999938964844,173.75999450683594,170.92999267578125,172.38999938964844,165.52932739257812,524700.0,ADS,Alliance Data Systems
2019-03-29,173.75,177.47000122070312,172.5399932861328,174.97999572753906,168.01625061035156,958400.0,ADS,Alliance Data Systems
2019-04-01,176.07000732421875,179.39999389648438,175.5,176.1199951171875,169.1108856201172,986700.0,ADS,Alliance Data Systems
2019-04-02,176.94000244140625,177.89999389648438,175.05999755859375,175.52999877929688,168.54437255859375,500900.0,ADS,Alliance Data Systems
2019-04-03,177.17999267578125,179.66000366210938,175.75999450683594,179.47999572753906,172.33717346191406,529700.0,ADS,Alliance Data Systems
2019-04-04,179.52999877929688,181.16000366210935,178.3000030517578,179.8300018310547,172.67324829101562,318300.0,ADS,Alliance Data Systems
2019-04-05,180.5800018310547,182.5,176.27000427246094,177.11000061035156,170.06149291992188,809100.0,ADS,Alliance Data Systems
2019-04-08,176.75,178.47000122070312,173.92999267578125,178.35000610351562,171.25213623046875,526200.0,ADS,Alliance Data Systems
2019-04-09,177.5,177.77999877929688,175.7899932861328,177.2100067138672,170.15753173828125,406100.0,ADS,Alliance Data Systems
2019-04-10,177.66000366210938,177.97000122070312,174.8800048828125,176.47000122070312,169.44696044921875,540800.0,ADS,Alliance Data Systems
2019-04-11,177.1199951171875,177.47999572753906,175.27000427246094,175.74000549316406,168.74600219726562,329300.0,ADS,Alliance Data Systems
2019-04-12,177.0399932861328,182.9499969482422,177.0399932861328,180.92999267578125,173.7294464111328,685600.0,ADS,Alliance Data Systems
2019-04-15,172.74000549316406,172.74000549316406,161.4199981689453,164.0399932861328,157.5116424560547,3057900.0,ADS,Alliance Data Systems
2019-04-16,164.83999633789062,165.72999572753906,163.1300048828125,163.52999877929688,157.02195739746094,1019200.0,ADS,Alliance Data Systems
2019-04-17,164.86000061035156,166.88999938964844,163.7100067138672,164.5800018310547,158.03016662597656,807100.0,ADS,Alliance Data Systems
2019-04-18,164.14999389648438,164.77999877929688,161.75999450683594,162.60000610351562,156.12896728515625,1154800.0,ADS,Alliance Data Systems
2019-04-22,161.99000549316406,163.47000122070312,160.00999450683594,160.75,154.35255432128906,684000.0,ADS,Alliance Data Systems
2019-04-23,161.16000366210938,165.38999938964844,160.00999450683594,163.02000427246094,156.53224182128906,1110300.0,ADS,Alliance Data Systems
2019-04-24,163.0399932861328,166.1199951171875,161.77000427246094,164.8000030517578,158.24139404296875,726200.0,ADS,Alliance Data Systems
2019-04-25,160.0,160.14999389648438,152.58999633789062,153.97999572753906,147.85198974609375,1977500.0,ADS,Alliance Data Systems
2019-04-26,154.07000732421875,158.88999938964844,153.94000244140625,156.77999877929688,150.54058837890625,1182700.0,ADS,Alliance Data Systems
2019-04-29,157.41000366210938,159.77999877929688,156.60000610351562,158.07000732421875,151.7792510986328,465200.0,ADS,Alliance Data Systems
2019-04-30,158.07000732421875,160.64999389648438,158.07000732421875,160.10000610351562,153.72842407226562,711200.0,ADS,Alliance Data Systems
2019-05-01,160.8000030517578,161.49000549316406,156.57000732421875,156.57000732421875,150.3389434814453,587100.0,ADS,Alliance Data Systems
2019-05-02,156.1300048828125,156.99000549316406,153.61000061035156,154.6199951171875,148.46652221679688,570600.0,ADS,Alliance Data Systems
2019-05-03,156.10000610351562,156.89999389648438,154.8699951171875,156.55999755859375,150.329345703125,445000.0,ADS,Alliance Data Systems
2019-05-06,153.02999877929688,154.92999267578125,152.57000732421875,154.05999755859375,147.9288330078125,479600.0,ADS,Alliance Data Systems
2019-05-07,151.60000610351562,152.08999633789062,149.49000549316406,150.91000366210938,144.9041748046875,674000.0,ADS,Alliance Data Systems
2019-05-08,150.22999572753906,151.74000549316406,149.52999877929688,149.97999572753906,144.01121520996094,500800.0,ADS,Alliance Data Systems
2019-05-09,148.36000061035156,149.52000427246094,146.0399932861328,147.91000366210938,142.02357482910156,984700.0,ADS,Alliance Data Systems
2019-05-10,147.0500030517578,149.42999267578125,145.0,148.99000549316406,143.0605926513672,549800.0,ADS,Alliance Data Systems
2019-05-13,144.3800048828125,145.82000732421875,142.07000732421875,142.32000732421875,137.23635864257812,403500.0,ADS,Alliance Data Systems
2019-05-14,142.63999938964844,146.24000549316406,142.6199951171875,144.86000061035156,139.6856231689453,574600.0,ADS,Alliance Data Systems
2019-05-15,143.55999755859375,146.44000244140625,143.2100067138672,145.47000122070312,140.27383422851562,680000.0,ADS,Alliance Data Systems
2019-05-16,145.60000610351562,148.58999633789062,145.60000610351562,147.72999572753906,142.4530792236328,470500.0,ADS,Alliance Data Systems
2019-05-17,145.5800018310547,148.1699981689453,145.0,145.64999389648438,140.44737243652344,533500.0,ADS,Alliance Data Systems
2019-05-20,144.10000610351562,144.8800048828125,142.72000122070312,143.11000061035156,137.99810791015625,443100.0,ADS,Alliance Data Systems
2019-05-21,144.99000549316406,147.5,144.3300018310547,146.8300018310547,141.58523559570312,473400.0,ADS,Alliance Data Systems
2019-05-22,145.66000366210938,146.47000122070312,144.61000061035156,145.05999755859375,139.87844848632812,629100.0,ADS,Alliance Data Systems
2019-05-23,143.42999267578125,143.42999267578125,140.9199981689453,141.92999267578125,136.8602752685547,565000.0,ADS,Alliance Data Systems
2019-05-24,143.3699951171875,144.75999450683594,141.8300018310547,143.33999633789062,138.2199249267578,379100.0,ADS,Alliance Data Systems
2019-05-28,143.57000732421875,144.3699951171875,141.58999633789062,142.07000732421875,136.9952850341797,552300.0,ADS,Alliance Data Systems
2019-05-29,141.00999450683594,142.32000732421875,139.4600067138672,142.05999755859375,136.98562622070312,641500.0,ADS,Alliance Data Systems
2019-05-30,142.05999755859375,143.6699981689453,140.1300048828125,140.64999389648438,135.6260223388672,408000.0,ADS,Alliance Data Systems
2019-05-31,139.3699951171875,139.41000366210938,137.36000061035156,137.5,132.58851623535156,470900.0,ADS,Alliance Data Systems
2019-06-03,137.5,139.1199951171875,135.63999938964844,136.60000610351562,131.7206573486328,579900.0,ADS,Alliance Data Systems
2019-06-04,138.5,142.8300018310547,138.5,142.72999572753906,137.63169860839844,374700.0,ADS,Alliance Data Systems
2019-06-05,143.6300048828125,143.8699951171875,139.3300018310547,140.89999389648438,135.8670654296875,617800.0,ADS,Alliance Data Systems
2019-06-06,140.6199951171875,142.6999969482422,139.74000549316406,142.1699981689453,137.0917205810547,542300.0,ADS,Alliance Data Systems
2019-06-07,143.16000366210938,144.49000549316406,142.47999572753906,142.82000732421875,137.71849060058594,425500.0,ADS,Alliance Data Systems
2019-06-10,143.99000549316406,144.49000549316406,136.05999755859375,136.35000610351562,131.4796142578125,1169000.0,ADS,Alliance Data Systems
2019-06-11,137.38999938964844,138.61000061035156,136.52000427246094,137.74000549316406,132.81996154785156,688900.0,ADS,Alliance Data Systems
2019-06-12,137.6199951171875,137.97999572753906,136.13999938964844,137.6699981689453,132.75244140625,455900.0,ADS,Alliance Data Systems
2019-06-13,137.92999267578125,140.6999969482422,137.8300018310547,140.3800048828125,135.36566162109375,378700.0,ADS,Alliance Data Systems
2019-06-14,139.8300018310547,140.1999969482422,138.52000427246094,139.8000030517578,134.80636596679688,361900.0,ADS,Alliance Data Systems
2019-06-17,139.8300018310547,140.16000366210938,137.44000244140625,137.9600067138672,133.03208923339844,648100.0,ADS,Alliance Data Systems
2019-06-18,139.1699981689453,140.5399932861328,137.3800048828125,137.50999450683594,132.59815979003906,637600.0,ADS,Alliance Data Systems
2019-06-19,137.8800048828125,138.22000122070312,136.4499969482422,136.94000244140625,132.04852294921875,516500.0,ADS,Alliance Data Systems
2019-06-20,139.13999938964844,139.27999877929688,137.30999755859375,138.19000244140625,133.2538604736328,692000.0,ADS,Alliance Data Systems
2019-06-21,137.92999267578125,138.2899932861328,136.82000732421875,137.1199951171875,132.22207641601562,811300.0,ADS,Alliance Data Systems
2019-06-24,136.92999267578125,137.80999755859375,133.8000030517578,134.47000122070312,129.66676330566406,557200.0,ADS,Alliance Data Systems
2019-06-25,134.24000549316406,135.8699951171875,133.55999755859375,134.4199981689453,129.61851501464844,644000.0,ADS,Alliance Data Systems
2019-06-26,135.1699981689453,136.07000732421875,135.0,135.3800048828125,130.54425048828125,541000.0,ADS,Alliance Data Systems
2019-06-27,135.60000610351562,137.44000244140625,134.9199981689453,137.3000030517578,132.39566040039062,492000.0,ADS,Alliance Data Systems
2019-06-28,138.0399932861328,140.33999633789062,137.4199981689453,140.1300048828125,135.12457275390625,1468800.0,ADS,Alliance Data Systems
2019-07-01,141.97000122070312,143.89999389648438,140.67999267578125,142.75999450683594,137.66061401367188,757700.0,ADS,Alliance Data Systems
2019-07-02,142.57000732421875,147.07000732421875,141.17999267578125,146.41000366210938,141.18023681640625,992100.0,ADS,Alliance Data Systems
2019-07-03,146.58999633789062,147.22000122070312,144.83999633789062,146.80999755859375,141.56594848632812,432400.0,ADS,Alliance Data Systems
2019-07-05,146.4199981689453,148.27999877929688,145.5399932861328,148.25,142.9545135498047,383700.0,ADS,Alliance Data Systems
2019-07-08,147.11000061035156,150.3300018310547,146.22000122070312,146.7100067138672,141.4695587158203,656700.0,ADS,Alliance Data Systems
2019-07-09,147.00999450683594,148.5,145.50999450683594,148.00999450683594,142.7230987548828,656600.0,ADS,Alliance Data Systems
2019-07-10,148.25,149.27999877929688,147.11000061035156,147.94000244140625,142.65562438964844,547700.0,ADS,Alliance Data Systems
2019-07-11,149.02000427246094,149.4600067138672,147.22999572753906,147.97000122070312,142.6845245361328,458200.0,ADS,Alliance Data Systems
2019-07-12,148.39999389648438,149.97999572753906,146.72000122070312,149.60000610351562,144.2563018798828,620700.0,ADS,Alliance Data Systems
2019-07-15,149.72000122070312,150.08999633789062,147.9600067138672,150.02000427246094,144.6613006591797,488900.0,ADS,Alliance Data Systems
2019-07-16,149.60000610351562,151.4600067138672,149.5500030517578,150.75,145.3651885986328,620500.0,ADS,Alliance Data Systems
2019-07-17,150.38999938964844,151.14999389648438,149.17999267578125,150.74000549316406,145.35557556152344,799800.0,ADS,Alliance Data Systems
2019-07-18,152.25,159.22999572753906,151.52999877929688,158.0,152.35626220703125,2760800.0,ADS,Alliance Data Systems
2019-07-19,158.14999389648438,158.2899932861328,151.3699951171875,151.55999755859375,146.1462860107422,2151400.0,ADS,Alliance Data Systems
2019-07-22,152.5,154.0,151.77999877929688,152.74000549316406,147.28414916992188,1019800.0,ADS,Alliance Data Systems
2019-07-23,153.52000427246094,155.2100067138672,152.8699951171875,155.0800018310547,149.54055786132812,779900.0,ADS,Alliance Data Systems
2019-07-24,155.13999938964844,157.3800048828125,154.6999969482422,157.33999633789062,151.71981811523438,711600.0,ADS,Alliance Data Systems
2019-07-25,158.0,158.69000244140625,156.00999450683594,156.63999938964844,151.04483032226562,634600.0,ADS,Alliance Data Systems
2019-07-26,157.41000366210938,159.41000366210938,157.16000366210938,158.8699951171875,153.19517517089844,525100.0,ADS,Alliance Data Systems
2019-07-29,158.74000549316406,159.17999267578125,156.60000610351562,157.5500030517578,151.92233276367188,501900.0,ADS,Alliance Data Systems
2019-07-30,156.5,158.0399932861328,155.75999450683594,157.77000427246094,152.1344757080078,579500.0,ADS,Alliance Data Systems
2019-07-31,157.6999969482422,158.3699951171875,155.5,156.9199981689453,151.31480407714844,548700.0,ADS,Alliance Data Systems
2019-08-01,157.1999969482422,158.52000427246094,154.49000549316406,156.0399932861328,150.46627807617188,724700.0,ADS,Alliance Data Systems
2019-08-02,155.2100067138672,156.5800018310547,153.88999938964844,155.75999450683594,150.19627380371094,608600.0,ADS,Alliance Data Systems
2019-08-05,152.24000549316406,153.0500030517578,150.3000030517578,152.1300048828125,146.6959228515625,1004700.0,ADS,Alliance Data Systems
2019-08-06,153.36000061035156,153.67999267578125,150.97000122070312,153.47999572753906,147.99769592285156,771200.0,ADS,Alliance Data Systems
2019-08-07,151.35000610351562,153.33999633789062,150.3000030517578,153.2100067138672,147.7373504638672,1534000.0,ADS,Alliance Data Systems
2019-08-08,154.0,155.64999389648438,153.27999877929688,155.27999877929688,149.73341369628906,897300.0,ADS,Alliance Data Systems
2019-08-09,154.57000732421875,155.0,152.66000366210938,153.72000122070312,148.22914123535156,902800.0,ADS,Alliance Data Systems
2019-08-12,152.13999938964844,153.3300018310547,149.97000122070312,150.0,144.6420135498047,1513100.0,ADS,Alliance Data Systems
2019-08-13,150.11000061035156,154.1999969482422,150.11000061035156,152.44000244140625,146.9948272705078,1856000.0,ADS,Alliance Data Systems
2019-08-14,150.27999877929688,151.49000549316406,149.50999450683594,150.11000061035156,144.7480926513672,2513800.0,ADS,Alliance Data Systems
2019-08-15,151.1300048828125,153.85000610351562,150.52000427246094,152.5,147.05271911621094,3213900.0,ADS,Alliance Data Systems
2019-08-16,146.86000061035156,147.41000366210938,138.60000610351562,138.69000244140625,133.73602294921875,4969800.0,ADS,Alliance Data Systems
2019-08-19,138.85000610351562,153.85000610351562,135.7100067138672,136.5399932861328,131.66278076171875,1457900.0,ADS,Alliance Data Systems
2019-08-20,136.1999969482422,136.1999969482422,130.6300048828125,130.75,126.0796356201172,1641400.0,ADS,Alliance Data Systems
2019-08-21,137.0,139.9600067138672,135.0,138.07000732421875,133.13815307617188,2428800.0,ADS,Alliance Data Systems
2019-08-22,138.5800018310547,139.11000061035156,135.33999633789062,135.52999877929688,130.68887329101562,1080200.0,ADS,Alliance Data Systems
2019-08-23,134.69000244140625,136.41000366210938,129.94000244140625,130.5800018310547,125.91571044921876,1977900.0,ADS,Alliance Data Systems
2019-08-26,131.7899932861328,131.7899932861328,126.8000030517578,127.47000122070312,122.9167938232422,1373800.0,ADS,Alliance Data Systems
2019-08-27,127.63999938964844,127.86000061035156,121.8499984741211,122.08000183105467,117.71932983398438,1396300.0,ADS,Alliance Data Systems
2019-08-28,121.26000213623048,123.30999755859376,120.7699966430664,122.23999786376952,117.87358856201172,893100.0,ADS,Alliance Data Systems
2019-08-29,122.68000030517578,124.08999633789062,122.4499969482422,122.75,118.36538696289062,1226500.0,ADS,Alliance Data Systems
2019-08-30,123.33999633789062,124.16999816894533,122.08000183105467,122.9499969482422,118.55823516845705,699300.0,ADS,Alliance Data Systems
2019-09-03,122.6999969482422,122.91999816894533,118.4000015258789,122.0500030517578,118.2965316772461,1474100.0,ADS,Alliance Data Systems
2019-09-04,122.88999938964844,123.36000061035156,120.22000122070312,123.33000183105467,119.53718566894533,1588900.0,ADS,Alliance Data Systems
2019-09-05,124.73999786376952,127.83999633789062,124.66000366210938,126.98999786376952,123.08460998535156,826400.0,ADS,Alliance Data Systems
2019-09-06,127.22000122070312,127.86000061035156,125.94000244140624,125.95999908447266,122.08628845214844,632600.0,ADS,Alliance Data Systems
2019-09-09,127.06999969482422,130.1199951171875,126.8499984741211,129.02999877929688,125.06189727783205,776800.0,ADS,Alliance Data Systems
2019-09-10,128.8300018310547,132.36000061035156,128.57000732421875,132.27999877929688,128.21192932128906,1050600.0,ADS,Alliance Data Systems
2019-09-11,134.88999938964844,135.47000122070312,131.69000244140625,135.3699951171875,131.20689392089844,899000.0,ADS,Alliance Data Systems
2019-09-12,135.41000366210938,135.88999938964844,132.82000732421875,134.69000244140625,130.54783630371094,625200.0,ADS,Alliance Data Systems
2019-09-13,136.05999755859375,137.2899932861328,133.55999755859375,133.72999572753906,129.6173553466797,580800.0,ADS,Alliance Data Systems
2019-09-16,132.47000122070312,135.61000061035156,132.47000122070312,132.9499969482422,128.86131286621094,742000.0,ADS,Alliance Data Systems
2019-09-17,132.8000030517578,133.17999267578125,129.30999755859375,131.41000366210938,127.36869049072266,711800.0,ADS,Alliance Data Systems
2019-09-18,131.42999267578125,131.42999267578125,129.47000122070312,130.91000366210938,126.88407135009766,652000.0,ADS,Alliance Data Systems
2019-09-19,131.64999389648438,134.47000122070312,130.7100067138672,130.72000122070312,126.69991302490234,537900.0,ADS,Alliance Data Systems
2019-09-20,131.3000030517578,133.3300018310547,130.11000061035156,130.19000244140625,126.18621063232422,920800.0,ADS,Alliance Data Systems
2019-09-23,129.58999633789062,130.7100067138672,128.24000549316406,129.3000030517578,125.3235855102539,553700.0,ADS,Alliance Data Systems
2019-09-24,129.30999755859375,129.52999877929688,125.5,126.75,122.8520050048828,732900.0,ADS,Alliance Data Systems
2019-09-25,126.56999969482422,128.5,126.19000244140624,127.87999725341795,123.94725036621094,422000.0,ADS,Alliance Data Systems
2019-09-26,127.8499984741211,128.58999633789062,127.16999816894533,127.77999877929688,123.85032653808594,376100.0,ADS,Alliance Data Systems
2019-09-27,128.6699981689453,129.2899932861328,126.38999938964844,126.41999816894533,122.53214263916016,332900.0,ADS,Alliance Data Systems
2019-09-30,126.58999633789062,128.7899932861328,125.8499984741211,128.1300048828125,124.18956756591795,456700.0,ADS,Alliance Data Systems
2019-10-01,129.0399932861328,130.89999389648438,125.4800033569336,126.04000091552734,122.16384887695312,322700.0,ADS,Alliance Data Systems
2019-10-02,125.05999755859376,125.18000030517578,121.62000274658205,123.12000274658205,119.3336410522461,577100.0,ADS,Alliance Data Systems
2019-10-03,122.6500015258789,123.31999969482422,119.08999633789062,122.55999755859376,118.79085540771484,581300.0,ADS,Alliance Data Systems
2019-10-04,122.97000122070312,123.9499969482422,121.31999969482422,123.87999725341795,120.07025146484376,315700.0,ADS,Alliance Data Systems
2019-10-07,123.13999938964844,124.61000061035156,122.66999816894533,122.87999725341795,119.10101318359376,510300.0,ADS,Alliance Data Systems
2019-10-08,121.72000122070312,121.87999725341795,118.08999633789062,118.66000366210938,115.01079559326172,616600.0,ADS,Alliance Data Systems
2019-10-09,119.41000366210938,119.61000061035156,116.68000030517578,118.41999816894533,114.7781753540039,603300.0,ADS,Alliance Data Systems
2019-10-10,119.08999633789062,121.20999908447266,117.08000183105467,118.20999908447266,114.57463836669922,483300.0,ADS,Alliance Data Systems
2019-10-11,120.33000183105467,123.04000091552734,119.72000122070312,122.5500030517578,118.78117370605467,700500.0,ADS,Alliance Data Systems
2019-10-14,122.5500030517578,123.72000122070312,120.94000244140624,122.54000091552734,118.77146911621094,492900.0,ADS,Alliance Data Systems
2019-10-15,122.8499984741211,124.22000122070312,121.2300033569336,123.6999969482422,119.8957977294922,598200.0,ADS,Alliance Data Systems
2019-10-16,123.88999938964844,124.8499984741211,122.8000030517578,123.20999908447266,119.42086791992188,663600.0,ADS,Alliance Data Systems
2019-10-17,123.4499969482422,124.88999938964844,122.79000091552734,123.36000061035156,119.56625366210938,563200.0,ADS,Alliance Data Systems
2019-10-18,123.0500030517578,124.62000274658205,122.45999908447266,123.54000091552734,119.74073028564452,650300.0,ADS,Alliance Data Systems
2019-10-21,124.48999786376952,125.73999786376952,124.11000061035156,124.7699966430664,120.9328842163086,476200.0,ADS,Alliance Data Systems
2019-10-22,124.5500030517578,125.77999877929688,123.01000213623048,124.4000015258789,120.57427978515624,474400.0,ADS,Alliance Data Systems
2019-10-23,124.3000030517578,124.75,123.2300033569336,123.76000213623048,119.9539566040039,572900.0,ADS,Alliance Data Systems
2019-10-24,116.0,117.1999969482422,101.51000213623048,107.0199966430664,103.72876739501952,4068700.0,ADS,Alliance Data Systems
2019-10-25,106.3499984741211,107.29000091552734,104.12999725341795,104.8000030517578,101.57704162597656,1618700.0,ADS,Alliance Data Systems
2019-10-28,105.4000015258789,109.69000244140624,105.38999938964844,106.79000091552734,103.5058364868164,1035300.0,ADS,Alliance Data Systems
2019-10-29,103.4000015258789,105.66999816894533,103.0,103.9800033569336,100.78225708007812,2855000.0,ADS,Alliance Data Systems
2019-10-30,104.36000061035156,104.7699966430664,101.88999938964844,102.79000091552734,99.6288604736328,1063700.0,ADS,Alliance Data Systems
2019-10-31,102.41999816894533,102.94000244140624,99.1999969482422,100.0,96.92465209960938,1290800.0,ADS,Alliance Data Systems
2019-11-01,100.81999969482422,102.16999816894533,100.05999755859376,101.05999755859376,97.9520492553711,1074100.0,ADS,Alliance Data Systems
2019-11-04,102.02999877929688,103.88999938964844,102.01000213623048,102.33000183105467,99.18299865722656,730500.0,ADS,Alliance Data Systems
2019-11-05,102.98999786376952,105.13999938964844,102.9000015258789,103.87999725341795,100.68533325195312,992600.0,ADS,Alliance Data Systems
2019-11-06,103.58999633789062,104.91999816894533,102.69000244140624,103.6500015258789,100.46240997314452,699100.0,ADS,Alliance Data Systems
2019-11-07,104.98999786376952,106.75,104.98999786376952,105.4000015258789,102.1585922241211,1246300.0,ADS,Alliance Data Systems
2019-11-08,105.23999786376952,108.7300033569336,104.88999938964844,107.9000015258789,104.58171081542967,1164100.0,ADS,Alliance Data Systems
2019-11-11,108.54000091552734,110.8000030517578,107.66999816894533,108.04000091552734,104.7174072265625,1063300.0,ADS,Alliance Data Systems
2019-11-12,108.20999908447266,109.52999877929688,107.5,108.76000213623048,105.4152603149414,964700.0,ADS,Alliance Data Systems
2019-11-13,107.5,107.86000061035156,106.12000274658205,107.18000030517578,104.48910522460938,548000.0,ADS,Alliance Data Systems
2019-11-14,106.8000030517578,108.2699966430664,106.1500015258789,106.61000061035156,103.93341064453124,504800.0,ADS,Alliance Data Systems
2019-11-15,106.87000274658205,106.87000274658205,102.83999633789062,103.4499969482422,100.85275268554688,1479200.0,ADS,Alliance Data Systems
2019-11-18,103.1999969482422,105.12000274658205,103.08000183105467,104.8000030517578,102.16885375976562,1176200.0,ADS,Alliance Data Systems
2019-11-19,105.54000091552734,105.91999816894533,102.33000183105467,103.54000091552734,100.94049072265624,1213700.0,ADS,Alliance Data Systems
2019-11-20,103.2699966430664,103.41000366210938,101.1999969482422,101.22000122070312,98.67874145507812,1450700.0,ADS,Alliance Data Systems
2019-11-21,101.52999877929688,101.6999969482422,100.20999908447266,101.3000030517578,98.75672912597656,949000.0,ADS,Alliance Data Systems
2019-11-22,101.91000366210938,104.4800033569336,101.7699966430664,104.41000366210938,101.78865051269533,920200.0,ADS,Alliance Data Systems
2019-11-25,104.30999755859376,105.94000244140624,102.41000366210938,105.4000015258789,102.75379180908205,720000.0,ADS,Alliance Data Systems
2019-11-26,106.0,106.45999908447266,104.7300033569336,106.0500030517578,103.3874740600586,906900.0,ADS,Alliance Data Systems
2019-11-27,106.58000183105467,107.55999755859376,105.51000213623048,106.94000244140624,104.25513458251952,430500.0,ADS,Alliance Data Systems
2019-11-29,106.45999908447266,107.18000030517578,105.33000183105467,106.91000366210938,104.22589111328124,343200.0,ADS,Alliance Data Systems
2019-12-02,106.9000015258789,108.33000183105467,105.98999786376952,106.1999969482422,103.53370666503906,947600.0,ADS,Alliance Data Systems
2019-12-03,104.52999877929688,104.9499969482422,102.1999969482422,102.79000091552734,100.2093276977539,796400.0,ADS,Alliance Data Systems
2019-12-04,102.5199966430664,105.18000030517578,101.41000366210938,104.3000030517578,101.68141174316406,721300.0,ADS,Alliance Data Systems
2019-12-05,104.95999908447266,104.95999908447266,102.20999908447266,103.58000183105467,100.97948455810548,651100.0,ADS,Alliance Data Systems
2019-12-06,104.1999969482422,106.13999938964844,104.1999969482422,105.26000213623048,102.61731719970705,866300.0,ADS,Alliance Data Systems
2019-12-09,105.02999877929688,106.06999969482422,103.58999633789062,105.41000366210938,102.7635498046875,547200.0,ADS,Alliance Data Systems
2019-12-10,105.16999816894533,105.9000015258789,103.62999725341795,103.93000030517578,101.32069396972656,669700.0,ADS,Alliance Data Systems
2019-12-11,103.8000030517578,105.72000122070312,103.8000030517578,105.4800033569336,102.831787109375,749900.0,ADS,Alliance Data Systems
2019-12-12,106.0,109.11000061035156,105.91999816894533,108.94000244140624,106.20491790771484,1046500.0,ADS,Alliance Data Systems
2019-12-13,108.9499969482422,112.0999984741211,108.9499969482422,110.0500030517578,107.28705596923828,1082400.0,ADS,Alliance Data Systems
2019-12-16,110.98999786376952,112.69000244140624,108.58000183105467,109.0,106.2634048461914,893100.0,ADS,Alliance Data Systems
2019-12-17,108.45999908447266,110.5199966430664,108.45999908447266,109.83000183105467,107.07257843017578,827500.0,ADS,Alliance Data Systems
2019-12-18,109.77999877929688,111.30999755859376,109.23999786376952,110.4499969482422,107.677001953125,725000.0,ADS,Alliance Data Systems
2019-12-19,110.4800033569336,112.13999938964844,109.3499984741211,110.08000183105467,107.31629943847656,879700.0,ADS,Alliance Data Systems
2019-12-20,110.9000015258789,111.56999969482422,109.72000122070312,111.29000091552734,108.49591064453124,1608100.0,ADS,Alliance Data Systems
2019-12-23,111.3499984741211,112.12999725341795,110.81999969482422,111.47000122070312,108.67140197753906,458700.0,ADS,Alliance Data Systems
2019-12-24,111.8499984741211,111.8499984741211,110.56999969482422,110.98999786376952,108.20344543457033,189200.0,ADS,Alliance Data Systems
2019-12-26,111.47000122070312,111.69000244140624,109.68000030517578,110.33000183105467,107.56002044677734,438100.0,ADS,Alliance Data Systems
2019-12-27,110.9800033569336,111.5999984741211,110.0999984741211,110.91000366210938,108.1254653930664,465900.0,ADS,Alliance Data Systems
2019-12-30,110.77999877929688,111.51000213623048,109.9800033569336,110.69000244140624,107.9109878540039,475200.0,ADS,Alliance Data Systems
2019-12-31,109.9800033569336,112.47000122070312,109.20999908447266,112.1999969482422,109.38307189941406,602600.0,ADS,Alliance Data Systems
2020-01-02,113.45999908447266,114.48999786376952,111.37999725341795,112.4800033569336,109.6560516357422,652000.0,ADS,Alliance Data Systems
2020-01-03,110.58000183105467,111.69000244140624,108.0199966430664,110.37999725341795,107.60875701904295,570500.0,ADS,Alliance Data Systems
2020-01-06,109.36000061035156,110.97000122070312,108.37999725341795,110.87999725341795,108.0962142944336,654000.0,ADS,Alliance Data Systems
2020-01-07,110.12000274658205,110.88999938964844,108.95999908447266,110.25,107.48204040527344,530300.0,ADS,Alliance Data Systems
2020-01-08,109.9000015258789,110.80999755859376,108.54000091552734,110.20999908447266,107.44303131103516,819500.0,ADS,Alliance Data Systems
2020-01-09,111.12000274658205,111.7699966430664,109.63999938964844,110.75,107.96946716308594,537800.0,ADS,Alliance Data Systems
2020-01-10,111.41999816894533,112.7699966430664,110.11000061035156,112.06999969482422,109.25633239746094,715300.0,ADS,Alliance Data Systems
2020-01-13,112.16999816894533,112.8000030517578,110.05999755859376,112.41999816894533,109.59754180908205,667100.0,ADS,Alliance Data Systems
2020-01-14,111.20999908447266,113.37000274658205,111.20999908447266,112.1500015258789,109.33432006835938,802500.0,ADS,Alliance Data Systems
2020-01-15,111.56999969482422,114.05999755859376,111.27999877929688,113.18000030517578,110.33846282958984,812400.0,ADS,Alliance Data Systems
2020-01-16,114.44000244140624,115.62000274658205,113.04000091552734,114.02999877929688,111.1671142578125,446600.0,ADS,Alliance Data Systems
2020-01-17,114.25,114.4800033569336,112.68000030517578,112.91000366210938,110.0752410888672,576500.0,ADS,Alliance Data Systems
2020-01-21,112.79000091552734,113.27999877929688,111.68000030517578,111.8499984741211,109.0418472290039,512100.0,ADS,Alliance Data Systems
2020-01-22,112.4499969482422,113.11000061035156,111.58999633789062,111.62000274658205,108.81763458251952,479200.0,ADS,Alliance Data Systems
2020-01-23,111.19000244140624,111.9499969482422,108.2300033569336,111.8000030517578,108.9931182861328,568100.0,ADS,Alliance Data Systems
2020-01-24,112.1999969482422,112.1999969482422,107.26000213623048,107.4000015258789,104.70358276367188,1577600.0,ADS,Alliance Data Systems
2020-01-27,105.4499969482422,106.12000274658205,104.06999969482422,105.6500015258789,102.9975128173828,1053600.0,ADS,Alliance Data Systems
2020-01-28,106.18000030517578,108.13999938964844,106.02999877929688,107.33000183105467,104.63534545898438,826200.0,ADS,Alliance Data Systems
2020-01-29,108.16999816894533,110.27999877929688,107.66000366210938,109.69000244140624,106.93609619140624,1328900.0,ADS,Alliance Data Systems
2020-01-30,106.0,107.7300033569336,102.41000366210938,107.18000030517578,104.48910522460938,2129300.0,ADS,Alliance Data Systems
2020-01-31,106.58999633789062,106.58999633789062,102.5,102.79000091552734,100.2093276977539,1725700.0,ADS,Alliance Data Systems
2020-02-03,103.44000244140624,103.9499969482422,100.1500015258789,100.58999633789062,98.0645523071289,1245200.0,ADS,Alliance Data Systems
2020-02-04,102.05999755859376,103.58000183105467,102.0199966430664,102.4000015258789,99.82911682128906,816700.0,ADS,Alliance Data Systems
2020-02-05,103.48999786376952,108.5,103.48999786376952,106.8499984741211,104.16738891601562,1094400.0,ADS,Alliance Data Systems
2020-02-06,107.29000091552734,107.70999908447266,105.63999938964844,106.5,103.826171875,763900.0,ADS,Alliance Data Systems
2020-02-07,105.6500015258789,106.18000030517578,104.5999984741211,105.91999816894533,103.26073455810548,572900.0,ADS,Alliance Data Systems
2020-02-10,105.66999816894533,105.91999816894533,103.16000366210938,103.44000244140624,100.84300994873048,591700.0,ADS,Alliance Data Systems
2020-02-11,104.30999755859376,104.81999969482422,103.0500030517578,103.69000244140624,101.08672332763672,342200.0,ADS,Alliance Data Systems
2020-02-12,104.5999984741211,107.0,104.0500030517578,104.62999725341795,102.00312042236328,477700.0,ADS,Alliance Data Systems
2020-02-13,103.55999755859376,103.98999786376952,102.58000183105467,103.48999786376952,101.5029067993164,559800.0,ADS,Alliance Data Systems
2020-02-14,103.4000015258789,104.77999877929688,102.7300033569336,102.83000183105467,100.85558319091795,1280800.0,ADS,Alliance Data Systems
2020-02-18,100.68000030517578,102.30999755859376,99.37999725341795,100.5,98.57032775878906,854900.0,ADS,Alliance Data Systems
2020-02-19,100.91000366210938,101.58999633789062,99.0,101.36000061035156,99.413818359375,717900.0,ADS,Alliance Data Systems
2020-02-20,101.5500030517578,103.8000030517578,100.8000030517578,103.05999755859376,101.08116912841795,590700.0,ADS,Alliance Data Systems
2020-02-21,101.9800033569336,102.70999908447266,100.98999786376952,102.16000366210938,100.19844818115234,503700.0,ADS,Alliance Data Systems
2020-02-24,99.0,99.36000061035156,97.56999969482422,98.72000122070312,96.82451629638672,771500.0,ADS,Alliance Data Systems
2020-02-25,98.95999908447266,99.0999984741211,93.51000213623048,93.75,91.9499282836914,1134100.0,ADS,Alliance Data Systems
2020-02-26,94.38999938964844,95.30999755859376,90.86000061035156,90.94000244140624,89.19389343261719,969200.0,ADS,Alliance Data Systems
2020-02-27,88.41999816894531,90.79000091552734,86.25,87.69999694824219,86.01609802246094,1180900.0,ADS,Alliance Data Systems
2020-02-28,85.12999725341797,87.04000091552734,84.31999969482422,85.87999725341797,84.23104095458984,1868700.0,ADS,Alliance Data Systems
2020-03-02,86.7300033569336,86.7300033569336,82.0999984741211,86.06999969482422,84.41738891601562,1697800.0,ADS,Alliance Data Systems
2020-03-03,85.62999725341797,86.12000274658203,79.44999694824219,79.68000030517578,78.15008544921875,1035000.0,ADS,Alliance Data Systems
2020-03-04,80.4800033569336,81.02999877929688,77.41000366210938,80.69000244140625,79.14070129394531,1464000.0,ADS,Alliance Data Systems
2020-03-05,78.73999786376953,78.80999755859375,73.69000244140625,74.20999908447266,72.78511047363281,1060400.0,ADS,Alliance Data Systems
2020-03-06,71.26000213623047,74.61000061035156,69.56999969482422,72.61000061035156,71.21582794189453,1166300.0,ADS,Alliance Data Systems
2020-03-09,66.69000244140625,68.69999694824219,62.61000061035156,63.02000045776367,61.80997085571289,1144100.0,ADS,Alliance Data Systems
2020-03-10,66.62999725341797,66.97000122070312,59.68000030517578,63.560001373291016,62.339599609375,1803400.0,ADS,Alliance Data Systems
2020-03-11,61.619998931884766,62.84000015258789,56.900001525878906,57.279998779296875,56.180179595947266,2029300.0,ADS,Alliance Data Systems
2020-03-12,52.72999954223633,53.0,46.25,46.81999969482422,45.9210205078125,1978300.0,ADS,Alliance Data Systems
2020-03-13,50.63999938964844,51.040000915527344,44.38999938964844,49.5099983215332,48.55937194824219,2558000.0,ADS,Alliance Data Systems
2020-03-16,36.0,43.08000183105469,35.970001220703125,36.11000061035156,35.416664123535156,2389000.0,ADS,Alliance Data Systems
2020-03-17,36.939998626708984,37.04999923706055,28.079999923706055,30.8700008392334,30.27727699279785,3849800.0,ADS,Alliance Data Systems
2020-03-18,28.829999923706055,28.829999923706055,21.0,22.61000061035156,22.175870895385746,2703200.0,ADS,Alliance Data Systems
2020-03-19,22.290000915527344,27.209999084472656,20.510000228881836,25.3799991607666,24.892683029174805,3435000.0,ADS,Alliance Data Systems
2020-03-20,27.260000228881836,31.09000015258789,26.799999237060547,27.549999237060547,27.021020889282227,3864600.0,ADS,Alliance Data Systems
2020-03-23,26.530000686645508,32.16999816894531,26.520000457763672,31.020000457763672,30.424392700195312,2098600.0,ADS,Alliance Data Systems
2020-03-24,33.90999984741211,42.40999984741211,32.810001373291016,42.0099983215332,41.203372955322266,2564700.0,ADS,Alliance Data Systems
2020-03-25,43.45000076293945,46.439998626708984,38.29999923706055,38.5099983215332,37.77057647705078,2156900.0,ADS,Alliance Data Systems
2020-03-26,40.0,42.790000915527344,36.40999984741211,37.54999923706055,36.829010009765625,1702600.0,ADS,Alliance Data Systems
2020-03-27,35.77000045776367,38.029998779296875,35.04999923706055,36.470001220703125,35.769752502441406,2085500.0,ADS,Alliance Data Systems
2020-03-30,36.58000183105469,36.58000183105469,32.79999923706055,34.29999923706055,33.641414642333984,1386900.0,ADS,Alliance Data Systems
2020-03-31,33.79999923706055,35.52000045776367,32.099998474121094,33.650001525878906,33.00389862060547,1291200.0,ADS,Alliance Data Systems
2020-04-01,31.739999771118164,32.150001525878906,30.1200008392334,31.040000915527344,30.44400978088379,1525900.0,ADS,Alliance Data Systems
2020-04-02,31.010000228881836,31.59000015258789,26.559999465942383,28.290000915527344,27.74681282043457,2273700.0,ADS,Alliance Data Systems
2020-04-03,28.40999984741211,28.68000030517578,25.63999938964844,26.489999771118164,25.981372833251953,1419400.0,ADS,Alliance Data Systems
2020-04-06,28.979999542236328,32.790000915527344,28.729999542236328,31.15999984741211,30.561704635620117,3188200.0,ADS,Alliance Data Systems
2020-04-07,34.279998779296875,39.380001068115234,34.279998779296875,35.56999969482422,34.88703155517578,2414200.0,ADS,Alliance Data Systems
2020-04-08,36.0,41.77000045776367,35.900001525878906,40.709999084472656,39.92833709716797,1825000.0,ADS,Alliance Data Systems
2020-04-09,44.779998779296875,46.29999923706055,37.119998931884766,38.58000183105469,37.839237213134766,2268500.0,ADS,Alliance Data Systems
2020-04-13,36.869998931884766,37.5,33.790000915527344,35.81999969482422,35.13222885131836,2226000.0,ADS,Alliance Data Systems
2020-04-14,37.220001220703125,37.63999938964844,34.0099983215332,36.40999984741211,35.710899353027344,1908000.0,ADS,Alliance Data Systems
2020-04-15,34.2599983215332,34.77000045776367,32.68000030517578,34.52000045776367,33.85718536376953,1444500.0,ADS,Alliance Data Systems
2020-04-16,34.45000076293945,34.45000076293945,32.5099983215332,33.0,32.366371154785156,1555100.0,ADS,Alliance Data Systems
2020-04-17,34.7400016784668,37.939998626708984,34.720001220703125,37.86000061035156,37.133060455322266,1999100.0,ADS,Alliance Data Systems
2020-04-20,36.0,38.63999938964844,35.33000183105469,36.4900016784668,35.789363861083984,1203100.0,ADS,Alliance Data Systems
2020-04-21,35.0,37.29999923706055,35.0,35.970001220703125,35.27935028076172,1653200.0,ADS,Alliance Data Systems
2020-04-22,37.54999923706055,37.970001220703125,35.720001220703125,36.68000030517578,35.9757194519043,1322100.0,ADS,Alliance Data Systems
2020-04-23,36.689998626708984,41.25,35.59000015258789,40.38999938964844,39.614479064941406,2944700.0,ADS,Alliance Data Systems
2020-04-24,40.790000915527344,42.439998626708984,38.75,40.400001525878906,39.624290466308594,3935600.0,ADS,Alliance Data Systems
2020-04-27,41.20000076293945,42.7400016784668,40.5099983215332,41.38999938964844,40.59528350830078,2004800.0,ADS,Alliance Data Systems
2020-04-28,44.47999954223633,48.33000183105469,43.61000061035156,47.599998474121094,46.68604278564453,2104900.0,ADS,Alliance Data Systems
2020-04-29,51.70000076293945,55.36000061035156,51.27000045776367,54.939998626708984,53.88511276245117,2743800.0,ADS,Alliance Data Systems
2020-04-30,53.65999984741211,53.689998626708984,50.0099983215332,50.06999969482422,49.10862350463867,1748400.0,ADS,Alliance Data Systems
2020-05-01,47.7599983215332,47.900001525878906,45.0099983215332,46.380001068115234,45.489471435546875,1961100.0,ADS,Alliance Data Systems
2020-05-04,44.0099983215332,46.529998779296875,43.06999969482422,46.34000015258789,45.45023727416992,1554700.0,ADS,Alliance Data Systems
2020-05-05,48.2400016784668,50.91999816894531,45.130001068115234,45.34000015258789,44.46943664550781,1944800.0,ADS,Alliance Data Systems
2020-05-06,46.09000015258789,46.7599983215332,43.11000061035156,43.709999084472656,42.87073516845703,1461000.0,ADS,Alliance Data Systems
2020-05-07,44.7400016784668,47.279998779296875,44.52000045776367,45.5,44.626365661621094,1061700.0,ADS,Alliance Data Systems
2020-05-08,47.029998779296875,47.5,45.560001373291016,47.18000030517578,46.27410888671875,1222300.0,ADS,Alliance Data Systems
2020-05-11,45.95000076293945,46.34000015258789,42.810001373291016,43.02000045776367,42.19398880004883,2224200.0,ADS,Alliance Data Systems
2020-05-12,43.400001525878906,45.470001220703125,40.36000061035156,40.470001220703125,39.69294738769531,1717800.0,ADS,Alliance Data Systems
2020-05-13,40.08000183105469,40.08000183105469,36.13999938964844,37.060001373291016,36.53801727294922,2240700.0,ADS,Alliance Data Systems
2020-05-14,35.9900016784668,40.150001525878906,35.130001068115234,39.380001068115234,38.82534408569336,2271500.0,ADS,Alliance Data Systems
2020-05-15,38.560001373291016,39.2400016784668,37.310001373291016,38.18000030517578,37.642242431640625,1478600.0,ADS,Alliance Data Systems
2020-05-18,40.970001220703125,45.15999984741211,40.68000030517578,44.83000183105469,44.198577880859375,2005700.0,ADS,Alliance Data Systems
2020-05-19,44.150001525878906,45.25,42.15999984741211,42.650001525878906,42.04928207397461,1318400.0,ADS,Alliance Data Systems
2020-05-20,44.0099983215332,46.279998779296875,43.70000076293945,44.08000183105469,43.45914077758789,1492900.0,ADS,Alliance Data Systems
2020-05-21,44.0,44.90999984741211,42.290000915527344,43.060001373291016,42.45351028442383,1156200.0,ADS,Alliance Data Systems
2020-05-22,43.36000061035156,43.7599983215332,41.810001373291016,42.04999923706055,41.457733154296875,1143500.0,ADS,Alliance Data Systems
2020-05-26,45.599998474121094,50.290000915527344,44.959999084472656,49.41999816894531,48.72392654418945,2640200.0,ADS,Alliance Data Systems
2020-05-27,52.959999084472656,54.400001525878906,50.15999984741211,51.9900016784668,51.25773239135742,2133600.0,ADS,Alliance Data Systems
2020-05-28,52.02000045776367,52.099998474121094,48.689998626708984,49.0,48.309844970703125,1495000.0,ADS,Alliance Data Systems
2020-05-29,47.650001525878906,49.13999938964844,46.0,46.33000183105469,45.677452087402344,4255800.0,ADS,Alliance Data Systems
2020-06-01,46.58000183105469,51.150001525878906,46.27000045776367,49.900001525878906,49.19717025756836,2054600.0,ADS,Alliance Data Systems
2020-06-02,51.0099983215332,51.65999984741211,49.16999816894531,49.75,49.04928207397461,1629100.0,ADS,Alliance Data Systems
2020-06-03,51.630001068115234,55.4900016784668,51.630001068115234,55.16999816894531,54.392940521240234,1855300.0,ADS,Alliance Data Systems
2020-06-04,54.93000030517578,56.08000183105469,52.56999969482422,54.529998779296875,53.7619514465332,2101100.0,ADS,Alliance Data Systems
2020-06-05,59.77000045776367,62.56999969482422,58.689998626708984,60.34000015258789,59.4901237487793,2597800.0,ADS,Alliance Data Systems
2020-06-08,64.30000305175781,66.27999877929688,62.61000061035156,66.08999633789062,65.15913391113281,2238400.0,ADS,Alliance Data Systems
2020-06-09,62.09000015258789,65.43000030517578,61.43000030517578,63.5099983215332,62.615474700927734,2020200.0,ADS,Alliance Data Systems
2020-06-10,61.9900016784668,62.119998931884766,55.650001525878906,56.54999923706055,55.75350189208984,2110600.0,ADS,Alliance Data Systems
2020-06-11,51.560001373291016,53.220001220703125,47.04999923706055,47.56999969482422,46.89998245239258,2955300.0,ADS,Alliance Data Systems
2020-06-12,51.5099983215332,52.70000076293945,48.70000076293945,52.09000015258789,51.3563232421875,2324000.0,ADS,Alliance Data Systems
2020-06-15,49.0,51.5,48.060001373291016,50.86000061035156,50.14365005493164,2239300.0,ADS,Alliance Data Systems
2020-06-16,54.5,56.31999969482422,51.459999084472656,53.08000183105469,52.33238220214844,2013700.0,ADS,Alliance Data Systems
2020-06-17,52.88999938964844,53.369998931884766,50.29999923706055,50.59000015258789,49.87744903564453,1455800.0,ADS,Alliance Data Systems
2020-06-18,49.540000915527344,50.5099983215332,47.810001373291016,48.779998779296875,48.09294128417969,1737900.0,ADS,Alliance Data Systems
2020-06-19,50.45000076293945,50.540000915527344,46.81999969482422,47.400001525878906,46.732383728027344,9731200.0,ADS,Alliance Data Systems
2020-06-22,47.16999816894531,48.209999084472656,46.099998474121094,47.400001525878906,46.732383728027344,2469400.0,ADS,Alliance Data Systems
2020-06-23,47.81999969482422,48.7599983215332,47.119998931884766,48.630001068115234,47.9450569152832,1782700.0,ADS,Alliance Data Systems
2020-06-24,47.439998626708984,48.290000915527344,44.650001525878906,45.439998626708984,44.79998016357422,2078600.0,ADS,Alliance Data Systems
2020-06-25,44.4900016784668,46.900001525878906,44.279998779296875,46.119998931884766,45.47040939331055,1535400.0,ADS,Alliance Data Systems
2020-06-26,45.54999923706055,45.86000061035156,42.41999816894531,42.869998931884766,42.26618576049805,1813300.0,ADS,Alliance Data Systems
2020-06-29,43.45000076293945,45.7400016784668,42.900001525878906,45.709999084472656,45.066184997558594,1287800.0,ADS,Alliance Data Systems
2020-06-30,45.40999984741211,46.470001220703125,44.40999984741211,45.119998931884766,44.484493255615234,1456500.0,ADS,Alliance Data Systems
2020-07-01,45.369998931884766,47.38999938964844,43.43000030517578,43.7400016784668,43.123931884765625,1371500.0,ADS,Alliance Data Systems
2020-07-02,45.20000076293945,46.25,43.47999954223633,43.70000076293945,43.084495544433594,1091900.0,ADS,Alliance Data Systems
