date,source,factor,factor_step,ex_dividend_vendor_field,split_ratio_vendor_field,adjusted_volume_over_volume
2012-12-12,wiki,0.9907823422669199,,0.0,1.0,1.0
2012-12-13,wiki,0.990782342266875,0.9999999999999547,0.0,1.0,1.0
2012-12-14,wiki,0.990782342266898,1.000000000000023,0.0,1.0,1.0
2012-12-17,wiki,0.9907823422668774,0.9999999999999792,0.0,1.0,1.0
2012-12-18,wiki,0.9907823422668997,1.0000000000000224,0.0,1.0,1.0
2012-12-19,wiki,0.9907823422669071,1.0000000000000075,0.0,1.0,1.0
2012-12-20,wiki,0.9907823422669233,1.0000000000000164,0.0,1.0,1.0
2012-12-21,wiki,0.9907823422668991,0.9999999999999756,0.0,1.0,1.0
2012-12-24,wiki,0.9907823422668803,0.999999999999981,0.0,1.0,1.0
2012-12-26,wiki,0.9907823422668735,0.999999999999993,0.0,1.0,1.0
2012-12-27,wiki,0.9907823422669345,1.0000000000000617,0.0,1.0,1.0
2012-12-28,wiki,0.9907823422669072,0.9999999999999725,0.0,1.0,1.0
2012-12-31,wiki,0.9907823422669246,1.0000000000000175,0.0,1.0,1.0
2013-01-02,wiki,0.9907823422669083,0.9999999999999836,0.0,1.0,1.0
2013-01-03,wiki,0.9907823422669062,0.9999999999999979,0.0,1.0,1.0
2013-01-04,wiki,0.9907823422669094,1.0000000000000033,0.0,1.0,1.0
2013-01-07,wiki,0.9907823422668868,0.9999999999999771,0.0,1.0,1.0
2013-01-08,wiki,0.9907823422669286,1.0000000000000422,0.0,1.0,1.0
2013-01-09,wiki,0.9907823422668897,0.9999999999999607,0.0,1.0,1.0
2013-01-10,wiki,0.9907823422668732,0.9999999999999835,0.0,1.0,1.0
2013-01-11,wiki,0.9907823422668939,1.0000000000000209,0.0,1.0,1.0
2013-01-14,wiki,0.9907823422669313,1.0000000000000377,0.0,1.0,1.0
2013-01-15,wiki,0.990782342266903,0.9999999999999715,0.0,1.0,1.0
2013-01-16,wiki,0.9907823422668924,0.9999999999999893,0.0,1.0,1.0
2013-01-17,wiki,0.9907823422669271,1.0000000000000349,0.0,1.0,1.0
2013-01-18,wiki,0.9907823422668804,0.9999999999999529,0.0,1.0,1.0
2013-01-22,wiki,0.9907823422668703,0.9999999999999898,0.0,1.0,1.0
2013-01-23,wiki,0.9907823422668869,1.0000000000000167,0.0,1.0,1.0
2013-01-24,wiki,0.9907823422668698,0.9999999999999828,0.0,1.0,1.0
2013-01-25,wiki,0.9907823422668776,1.0000000000000078,0.0,1.0,1.0
2013-01-28,wiki,0.9907823422669166,1.0000000000000395,0.0,1.0,1.0
2013-01-29,wiki,0.9907823422668933,0.9999999999999765,0.0,1.0,1.0
2013-01-30,wiki,0.9907823422669274,1.0000000000000344,0.0,1.0,1.0
2013-01-31,wiki,0.9907823422668782,0.9999999999999504,0.0,1.0,1.0
2013-02-01,wiki,0.9907823422669219,1.000000000000044,0.0,1.0,1.0
2013-02-04,wiki,0.9907823422668819,0.9999999999999597,0.0,1.0,1.0
2013-02-05,wiki,0.9907823422669021,1.0000000000000204,0.0,1.0,1.0
2013-02-06,wiki,0.990782342266903,1.0000000000000009,0.0,1.0,1.0
2013-02-07,wiki,0.9907823422668791,0.9999999999999759,0.0,1.0,1.0
2013-02-08,wiki,0.9907823422668743,0.9999999999999952,0.0,1.0,1.0
2013-02-11,wiki,0.9907823422669144,1.0000000000000404,0.0,1.0,1.0
2013-02-12,wiki,0.9907823422668725,0.9999999999999576,0.0,1.0,1.0
2013-02-13,wiki,0.9907823422668725,1.0,0.0,1.0,1.0
2013-02-14,wiki,0.990782342266916,1.000000000000044,0.0,1.0,1.0
2013-02-15,wiki,0.990782342266907,0.9999999999999909,0.0,1.0,1.0
2013-02-19,wiki,0.9907823422668776,0.9999999999999704,0.0,1.0,1.0
2013-02-20,wiki,0.9907823422668718,0.9999999999999942,0.0,1.0,1.0
2013-02-21,wiki,0.9907823422668858,1.0000000000000142,0.0,1.0,1.0
2013-02-22,wiki,0.9907823422669134,1.000000000000028,0.0,1.0,1.0
2013-02-25,wiki,0.9907823422668725,0.9999999999999587,0.0,1.0,1.0
2013-02-26,wiki,0.990782342266898,1.0000000000000258,0.0,1.0,1.0
2013-02-27,wiki,0.9907823422668779,0.9999999999999797,0.0,1.0,1.0
2013-02-28,wiki,0.9907823422668725,0.9999999999999946,0.0,1.0,1.0
2013-03-01,wiki,0.9907823422669315,1.0000000000000595,0.0,1.0,1.0
2013-03-04,wiki,0.99078234226691,0.9999999999999782,0.0,1.0,1.0
2013-03-05,wiki,0.9907823422669225,1.0000000000000127,0.0,1.0,1.0
2013-03-06,wiki,0.9907823422669004,0.9999999999999777,0.0,1.0,1.0
2013-03-07,wiki,0.9907823422669108,1.0000000000000104,0.0,1.0,1.0
2013-03-08,wiki,0.990782342266899,0.9999999999999881,0.0,1.0,1.0
2013-03-11,wiki,0.9907823422668863,0.9999999999999872,0.0,1.0,1.0
2013-03-12,wiki,0.9907823422668834,0.9999999999999971,0.0,1.0,1.0
2013-03-13,wiki,0.990782342266875,0.9999999999999915,0.0,1.0,1.0
2013-03-14,wiki,0.9907823422668693,0.9999999999999943,0.0,1.0,1.0
2013-03-15,wiki,0.9907823422669157,1.0000000000000469,0.0,1.0,1.0
2013-03-18,wiki,0.9907823422669094,0.9999999999999936,0.0,1.0,1.0
2013-03-19,wiki,0.9907823422668749,0.9999999999999651,0.0,1.0,1.0
2013-03-20,wiki,0.9907823422669015,1.0000000000000269,0.0,1.0,1.0
2013-03-21,wiki,0.990782342266901,0.9999999999999994,0.0,1.0,1.0
2013-03-22,wiki,0.9907823422669249,1.0000000000000242,0.0,1.0,1.0
2013-03-25,wiki,0.9907823422669076,0.9999999999999827,0.0,1.0,1.0
2013-03-26,wiki,0.9907823422668735,0.9999999999999655,0.0,1.0,1.0
2013-03-27,wiki,0.9907823422669213,1.0000000000000484,0.0,1.0,1.0
2013-03-28,wiki,0.9907823422669098,0.9999999999999883,0.0,1.0,1.0
2013-04-01,wiki,0.9907823422668828,0.9999999999999728,0.0,1.0,1.0
2013-04-02,wiki,0.9907823422668919,1.000000000000009,0.0,1.0,1.0
2013-04-03,wiki,0.9907823422669023,1.0000000000000104,0.0,1.0,1.0
2013-04-04,wiki,0.9907823422669283,1.0000000000000262,0.0,1.0,1.0
2013-04-05,wiki,0.9907823422668813,0.9999999999999526,0.0,1.0,1.0
2013-04-08,wiki,0.9907823422668816,1.0000000000000002,0.0,1.0,1.0
2013-04-09,wiki,0.9907823422669129,1.0000000000000315,0.0,1.0,1.0
2013-04-10,wiki,0.9907823422669313,1.0000000000000187,0.0,1.0,1.0
2013-04-11,wiki,0.9907823422669233,0.9999999999999919,0.0,1.0,1.0
2013-04-12,wiki,0.9907823422669284,1.000000000000005,0.0,1.0,1.0
2013-04-15,wiki,0.9907823422669146,0.9999999999999861,0.0,1.0,1.0
2013-04-16,wiki,0.990782342266874,0.999999999999959,0.0,1.0,1.0
2013-04-17,wiki,0.9907823422669001,1.0000000000000264,0.0,1.0,1.0
2013-04-18,wiki,0.9907823422668941,0.9999999999999939,0.0,1.0,1.0
2013-04-19,wiki,0.9907823422668833,0.9999999999999891,0.0,1.0,1.0
2013-04-22,wiki,0.9907823422669131,1.00000000000003,0.0,1.0,1.0
2013-04-23,wiki,0.9907823422669152,1.0000000000000022,0.0,1.0,1.0
2013-04-24,wiki,0.990782342266928,1.0000000000000129,0.0,1.0,1.0
2013-04-25,wiki,0.9907823422669234,0.9999999999999954,0.0,1.0,1.0
2013-04-26,wiki,0.9907823422668824,0.9999999999999587,0.0,1.0,1.0
2013-04-29,wiki,0.9907823422669201,1.000000000000038,0.0,1.0,1.0
2013-04-30,wiki,0.9907823422669266,1.0000000000000067,0.0,1.0,1.0
2013-05-01,wiki,0.9907823422668974,0.9999999999999706,0.0,1.0,1.0
2013-05-02,wiki,0.9907823422668947,0.9999999999999972,0.0,1.0,1.0
2013-05-03,wiki,0.990782342266916,1.0000000000000215,0.0,1.0,1.0
2013-05-06,wiki,0.990782342266883,0.9999999999999667,0.0,1.0,1.0
2013-05-07,wiki,0.9907823422668741,0.999999999999991,0.0,1.0,1.0
2013-05-08,wiki,0.9907823422668922,1.0000000000000182,0.0,1.0,1.0
2013-05-09,wiki,0.9907823422669048,1.0000000000000127,0.0,1.0,1.0
2013-05-10,wiki,0.9907823422668887,0.9999999999999838,0.0,1.0,1.0
2013-05-13,wiki,0.9907823422669128,1.0000000000000244,0.0,1.0,1.0
2013-05-14,wiki,0.9907823422668848,0.9999999999999718,0.0,1.0,1.0
2013-05-15,wiki,0.9907823422669056,1.000000000000021,0.0,1.0,1.0
2013-05-16,wiki,0.9907823422669146,1.000000000000009,0.0,1.0,1.0
2013-05-17,wiki,0.9907823422669024,0.9999999999999877,0.0,1.0,1.0
2013-05-20,wiki,0.9907823422668967,0.9999999999999942,0.0,1.0,1.0
2013-05-21,wiki,0.9907823422669173,1.0000000000000209,0.0,1.0,1.0
2013-05-22,wiki,0.9907823422668826,0.9999999999999649,0.0,1.0,1.0
2013-05-23,wiki,0.9907823422669245,1.0000000000000424,0.0,1.0,1.0
2013-05-24,wiki,0.9907823422669163,0.9999999999999917,0.0,1.0,1.0
2013-05-28,wiki,0.9907823422668961,0.9999999999999796,0.0,1.0,1.0
2013-05-29,wiki,0.9907823422668802,0.999999999999984,0.0,1.0,1.0
2013-05-30,wiki,0.9907823422668951,1.000000000000015,0.0,1.0,1.0
2013-05-31,wiki,0.9907823422669264,1.0000000000000315,0.0,1.0,1.0
2013-06-03,wiki,0.990782342266908,0.9999999999999813,0.0,1.0,1.0
2013-06-04,wiki,0.990782342266897,0.9999999999999889,0.0,1.0,1.0
2013-06-05,wiki,0.9907823422669085,1.0000000000000115,0.0,1.0,1.0
2013-06-06,wiki,0.9907823422668947,0.999999999999986,0.0,1.0,1.0
2013-06-07,wiki,0.9907823422669171,1.0000000000000226,0.0,1.0,1.0
2013-06-10,wiki,0.9907823422669273,1.0000000000000102,0.0,1.0,1.0
2013-06-11,wiki,0.9907823422668809,0.9999999999999531,0.0,1.0,1.0
2013-06-12,wiki,0.9907823422668982,1.0000000000000175,0.0,1.0,1.0
2013-06-13,wiki,0.9907823422669254,1.0000000000000275,0.0,1.0,1.0
2013-06-14,wiki,0.990782342266888,0.9999999999999623,0.0,1.0,1.0
2013-06-17,wiki,0.9907823422669165,1.0000000000000289,0.0,1.0,1.0
2013-06-18,wiki,0.9907823422669039,0.9999999999999872,0.0,1.0,1.0
2013-06-19,wiki,0.9907823422668831,0.999999999999979,0.0,1.0,1.0
2013-06-20,wiki,0.9907823422669132,1.0000000000000304,0.0,1.0,1.0
2013-06-21,wiki,0.9907823422669292,1.0000000000000162,0.0,1.0,1.0
2013-06-24,wiki,0.9907823422669029,0.9999999999999735,0.0,1.0,1.0
2013-06-25,wiki,0.9907823422669156,1.0000000000000129,0.0,1.0,1.0
2013-06-26,wiki,0.990782342266876,0.99999999999996,0.0,1.0,1.0
2013-06-27,wiki,0.9907823422668962,1.0000000000000204,0.0,1.0,1.0
2013-06-28,wiki,0.9907823422669172,1.000000000000021,0.0,1.0,1.0
2013-07-01,wiki,0.9907823422668849,0.9999999999999674,0.0,1.0,1.0
2013-07-02,wiki,0.9907823422668932,1.0000000000000084,0.0,1.0,1.0
2013-07-03,wiki,0.990782342266922,1.000000000000029,0.0,1.0,1.0
2013-07-05,wiki,0.9907823422668934,0.9999999999999712,0.0,1.0,1.0
2013-07-08,wiki,0.9907823422668878,0.9999999999999943,0.0,1.0,1.0
2013-07-09,wiki,0.9907823422668951,1.0000000000000073,0.0,1.0,1.0
2013-07-10,wiki,0.9907823422669111,1.0000000000000162,0.0,1.0,1.0
2013-07-11,wiki,0.9907823422668834,0.9999999999999721,0.0,1.0,1.0
2013-07-12,wiki,0.9907823422669151,1.000000000000032,0.0,1.0,1.0
2013-07-15,wiki,0.990782342266877,0.9999999999999616,0.0,1.0,1.0
2013-07-16,wiki,0.9907823422669184,1.0000000000000417,0.0,1.0,1.0
2013-07-17,wiki,0.9907823422668793,0.9999999999999606,0.0,1.0,1.0
2013-07-18,wiki,0.9907823422669244,1.0000000000000455,0.0,1.0,1.0
2013-07-19,wiki,0.9907823422669103,0.9999999999999858,0.0,1.0,1.0
2013-07-22,wiki,0.9907823422668998,0.9999999999999893,0.0,1.0,1.0
2013-07-23,wiki,0.9907823422668803,0.9999999999999803,0.0,1.0,1.0
2013-07-24,wiki,0.9907823422669255,1.0000000000000455,0.0,1.0,1.0
2013-07-25,wiki,0.9907823422669246,0.9999999999999991,0.0,1.0,1.0
2013-07-26,wiki,0.9907823422668962,0.9999999999999714,0.0,1.0,1.0
2013-07-29,wiki,0.9907823422668993,1.000000000000003,0.0,1.0,1.0
2013-07-30,wiki,0.990782342266918,1.0000000000000189,0.0,1.0,1.0
2013-07-31,wiki,0.9907823422669126,0.9999999999999947,0.0,1.0,1.0
2013-08-01,wiki,0.9907823422668898,0.9999999999999769,0.0,1.0,1.0
2013-08-02,wiki,0.9907823422668997,1.00000000000001,0.0,1.0,1.0
2013-08-05,wiki,0.9907823422669236,1.0000000000000242,0.0,1.0,1.0
2013-08-06,wiki,0.9907823422668947,0.9999999999999708,0.0,1.0,1.0
2013-08-07,wiki,0.9907823422668829,0.9999999999999881,0.0,1.0,1.0
2013-08-08,wiki,0.9907823422669061,1.0000000000000233,0.0,1.0,1.0
2013-08-09,wiki,0.9907823422668802,0.9999999999999739,0.0,1.0,1.0
2013-08-12,wiki,0.9907823422669086,1.0000000000000286,0.0,1.0,1.0
2013-08-13,wiki,0.9907823422669074,0.9999999999999988,0.0,1.0,1.0
2013-08-14,wiki,0.990782342266907,0.9999999999999996,0.0,1.0,1.0
2013-08-15,wiki,0.9907823422669004,0.9999999999999933,0.0,1.0,1.0
2013-08-16,wiki,0.990782342266897,0.9999999999999966,0.0,1.0,1.0
2013-08-19,wiki,0.9907823422669002,1.0000000000000033,0.0,1.0,1.0
2013-08-20,wiki,0.9907823422669148,1.0000000000000147,0.0,1.0,1.0
2013-08-21,wiki,0.9907823422668918,0.9999999999999768,0.0,1.0,1.0
2013-08-22,wiki,0.9907823422668974,1.0000000000000058,0.0,1.0,1.0
2013-08-23,wiki,0.9907823422668808,0.9999999999999832,0.0,1.0,1.0
2013-08-26,wiki,0.9907823422669116,1.000000000000031,0.0,1.0,1.0
2013-08-27,wiki,0.9907823422668943,0.9999999999999826,0.0,1.0,1.0
2013-08-28,wiki,0.9907823422669244,1.0000000000000304,0.0,1.0,1.0
2013-08-29,wiki,0.9907823422668848,0.99999999999996,0.0,1.0,1.0
2013-08-30,wiki,0.9907823422668882,1.0000000000000036,0.0,1.0,1.0
2013-09-03,wiki,0.9907823422669005,1.0000000000000124,0.0,1.0,1.0
2013-09-04,wiki,0.9907823422668847,0.999999999999984,0.0,1.0,1.0
2013-09-05,wiki,0.9907823422669091,1.0000000000000246,0.0,1.0,1.0
2013-09-06,wiki,0.9907823422669106,1.0000000000000016,0.0,1.0,1.0
2013-09-09,wiki,0.9907823422669032,0.9999999999999925,0.0,1.0,1.0
2013-09-10,wiki,0.9907823422668868,0.9999999999999835,0.0,1.0,1.0
2013-09-11,wiki,0.9907823422669241,1.0000000000000377,0.0,1.0,1.0
2013-09-12,wiki,0.9907823422669069,0.9999999999999827,0.0,1.0,1.0
2013-09-13,wiki,0.9907823422669222,1.0000000000000155,0.0,1.0,1.0
2013-09-16,wiki,0.9907823422668974,0.999999999999975,0.0,1.0,1.0
2013-09-17,wiki,0.9907823422668891,0.9999999999999916,0.0,1.0,1.0
2013-09-18,wiki,0.9907823422669039,1.0000000000000149,0.0,1.0,1.0
2013-09-19,wiki,0.9907823422668821,0.999999999999978,0.0,1.0,1.0
2013-09-20,wiki,0.9907823422668891,1.000000000000007,0.0,1.0,1.0
2013-09-23,wiki,0.9907823422669029,1.000000000000014,0.0,1.0,1.0
2013-09-24,wiki,0.990782342266885,0.999999999999982,0.0,1.0,1.0
2013-09-25,wiki,0.9907823422668958,1.0000000000000109,0.0,1.0,1.0
2013-09-26,wiki,0.9907823422668813,0.9999999999999855,0.0,1.0,1.0
2013-09-27,wiki,0.9907823422669151,1.000000000000034,0.0,1.0,1.0
2013-09-30,wiki,0.9907823422668937,0.9999999999999784,0.0,1.0,1.0
2013-10-01,wiki,0.9907823422668874,0.9999999999999937,0.0,1.0,1.0
2013-10-02,wiki,0.9907823422669096,1.0000000000000224,0.0,1.0,1.0
2013-10-03,wiki,0.9907823422669083,0.9999999999999987,0.0,1.0,1.0
2013-10-04,wiki,0.9907823422669145,1.0000000000000062,0.0,1.0,1.0
2013-10-07,wiki,0.9907823422669104,0.9999999999999959,0.0,1.0,1.0
2013-10-08,wiki,0.9907823422669018,0.9999999999999912,0.0,1.0,1.0
2013-10-09,wiki,0.9907823422669034,1.0000000000000018,0.0,1.0,1.0
2013-10-10,wiki,0.9907823422669148,1.0000000000000113,0.0,1.0,1.0
2013-10-11,wiki,0.9907823422669202,1.0000000000000056,0.0,1.0,1.0
2013-10-14,wiki,0.9907823422668853,0.9999999999999648,0.0,1.0,1.0
2013-10-15,wiki,0.9907823422669169,1.0000000000000318,0.0,1.0,1.0
2013-10-16,wiki,0.9907823422668853,0.9999999999999681,0.0,1.0,1.0
2013-10-17,wiki,0.9907823422669222,1.0000000000000373,0.0,1.0,1.0
2013-10-18,wiki,0.9907823422669204,0.9999999999999982,0.0,1.0,1.0
2013-10-21,wiki,0.9907823422669161,0.9999999999999957,0.0,1.0,1.0
2013-10-22,wiki,0.9907823422669048,0.9999999999999886,0.0,1.0,1.0
2013-10-23,wiki,0.9907823422669181,1.0000000000000135,0.0,1.0,1.0
2013-10-24,wiki,0.9907823422669211,1.000000000000003,0.0,1.0,1.0
2013-10-25,wiki,0.9907823422668999,0.9999999999999786,0.0,1.0,1.0
2013-10-28,wiki,0.9907823422669206,1.0000000000000209,0.0,1.0,1.0
2013-10-29,wiki,0.9907823422668897,0.9999999999999687,0.0,1.0,1.0
2013-10-30,wiki,0.9907823422668932,1.0000000000000036,0.0,1.0,1.0
2013-10-31,wiki,0.9907823422668945,1.0000000000000013,0.0,1.0,1.0
2013-11-01,wiki,0.9907823422669144,1.00000000000002,0.0,1.0,1.0
2013-11-04,wiki,0.990782342266906,0.9999999999999915,0.0,1.0,1.0
2013-11-05,wiki,0.9907823422668832,0.999999999999977,0.0,1.0,1.0
2013-11-06,wiki,0.9907823422668887,1.0000000000000056,0.0,1.0,1.0
2013-11-07,wiki,0.9907823422669194,1.000000000000031,0.0,1.0,1.0
2013-11-08,wiki,0.9907823422669026,0.9999999999999831,0.0,1.0,1.0
2013-11-11,wiki,0.9907823422668929,0.9999999999999901,0.0,1.0,1.0
2013-11-12,wiki,0.990782342266885,0.999999999999992,0.0,1.0,1.0
2013-11-13,wiki,0.9907823422669029,1.000000000000018,0.0,1.0,1.0
2013-11-14,wiki,0.9907823422668842,0.9999999999999811,0.0,1.0,1.0
2013-11-15,wiki,0.9907823422669102,1.0000000000000262,0.0,1.0,1.0
2013-11-18,wiki,0.9907823422669082,0.999999999999998,0.0,1.0,1.0
2013-11-19,wiki,0.9907823422668955,0.9999999999999872,0.0,1.0,1.0
2013-11-20,wiki,0.9907823422669065,1.000000000000011,0.0,1.0,1.0
2013-11-21,wiki,0.9907823422668833,0.9999999999999766,0.0,1.0,1.0
2013-11-22,wiki,0.990782342266905,1.0000000000000218,0.0,1.0,1.0
2013-11-25,wiki,0.9907823422669056,1.0000000000000007,0.0,1.0,1.0
2013-11-26,wiki,0.9907823422669075,1.000000000000002,0.0,1.0,1.0
2013-11-27,wiki,0.9907823422668957,0.999999999999988,0.0,1.0,1.0
2013-11-29,wiki,0.9907823422669033,1.0000000000000078,0.0,1.0,1.0
2013-12-02,wiki,0.9907823422669001,0.9999999999999968,0.0,1.0,1.0
2013-12-03,wiki,0.990782342266899,0.9999999999999989,0.0,1.0,1.0
2013-12-04,wiki,0.9907823422669129,1.000000000000014,0.0,1.0,1.0
2013-12-05,wiki,0.9907823422669207,1.000000000000008,0.0,1.0,1.0
2013-12-06,wiki,0.990782342266908,0.9999999999999871,0.0,1.0,1.0
2013-12-09,wiki,0.9907823422668809,0.9999999999999727,0.0,1.0,1.0
2013-12-10,wiki,0.9907823422669039,1.000000000000023,0.0,1.0,1.0
2013-12-11,wiki,0.9907823422668856,0.9999999999999815,0.0,1.0,1.0
2013-12-12,wiki,0.9907823422669025,1.000000000000017,0.0,1.0,1.0
2013-12-13,wiki,0.9907823422669112,1.0000000000000087,0.0,1.0,1.0
2013-12-16,wiki,0.990782342266892,0.9999999999999806,0.0,1.0,1.0
2013-12-17,wiki,0.990782342266887,0.999999999999995,0.0,1.0,1.0
2013-12-18,wiki,0.990782342266908,1.000000000000021,0.0,1.0,1.0
2013-12-19,wiki,0.9907823422668924,0.9999999999999843,0.0,1.0,1.0
2013-12-20,wiki,0.9907823422669062,1.000000000000014,0.0,1.0,1.0
2013-12-23,wiki,0.9907823422668933,0.999999999999987,0.0,1.0,1.0
2013-12-24,wiki,0.9907823422668948,1.0000000000000016,0.0,1.0,1.0
2013-12-26,wiki,0.9907823422669016,1.0000000000000069,0.0,1.0,1.0
2013-12-27,wiki,0.9907823422668992,0.9999999999999976,0.0,1.0,1.0
2013-12-30,wiki,0.9907823422669102,1.000000000000011,0.0,1.0,1.0
2013-12-31,wiki,0.9907823422669151,1.0000000000000049,0.0,1.0,1.0
2014-01-02,wiki,0.9907823422669056,0.9999999999999905,0.0,1.0,1.0
2014-01-03,wiki,0.9907823422668942,0.9999999999999885,0.0,1.0,1.0
2014-01-06,wiki,0.9907823422669092,1.000000000000015,0.0,1.0,1.0
2014-01-07,wiki,0.9907823422668992,0.9999999999999899,0.0,1.0,1.0
2014-01-08,wiki,0.9907823422669095,1.0000000000000104,0.0,1.0,1.0
2014-01-09,wiki,0.9907823422669033,0.9999999999999937,0.0,1.0,1.0
2014-01-10,wiki,0.9907823422669016,0.9999999999999983,0.0,1.0,1.0
2014-01-13,wiki,0.9907823422668818,0.9999999999999799,0.0,1.0,1.0
2014-01-14,wiki,0.9907823422669065,1.000000000000025,0.0,1.0,1.0
2014-01-15,wiki,0.9907823422669033,0.9999999999999968,0.0,1.0,1.0
2014-01-16,wiki,0.9907823422669046,1.0000000000000013,0.0,1.0,1.0
2014-01-17,wiki,0.9907823422668848,0.9999999999999799,0.0,1.0,1.0
2014-01-21,wiki,0.9907823422669101,1.0000000000000255,0.0,1.0,1.0
2014-01-22,wiki,0.9907823422668932,0.999999999999983,0.0,1.0,1.0
2014-01-23,wiki,0.9907823422668985,1.0000000000000053,0.0,1.0,1.0
2014-01-24,wiki,0.9907823422668989,1.0000000000000004,0.0,1.0,1.0
2014-01-27,wiki,0.9907823422669036,1.0000000000000049,0.0,1.0,1.0
2014-01-28,wiki,0.990782342266908,1.0000000000000044,0.0,1.0,1.0
2014-01-29,wiki,0.9907823422669116,1.0000000000000038,0.0,1.0,1.0
2014-01-30,wiki,0.990782342266881,0.999999999999969,0.0,1.0,1.0
2014-01-31,wiki,0.9907823422669199,1.0000000000000393,0.0,1.0,1.0
2014-02-03,wiki,0.9907823422669156,0.9999999999999958,0.0,1.0,1.0
2014-02-04,wiki,0.9907823422669004,0.9999999999999847,0.0,1.0,1.0
2014-02-05,wiki,0.9907823422669086,1.0000000000000082,0.0,1.0,1.0
2014-02-06,wiki,0.9907823422669116,1.000000000000003,0.0,1.0,1.0
2014-02-07,wiki,0.9907823422669005,0.9999999999999888,0.0,1.0,1.0
2014-02-10,wiki,0.990782342266903,1.0000000000000024,0.0,1.0,1.0
2014-02-11,wiki,0.9907823422668858,0.9999999999999827,0.0,1.0,1.0
2014-02-12,wiki,0.9907823422669079,1.0000000000000222,0.0,1.0,1.0
2014-02-13,wiki,0.9907823422668934,0.9999999999999855,0.0,1.0,1.0
2014-02-14,wiki,0.990782342266895,1.0000000000000016,0.0,1.0,1.0
2014-02-18,wiki,0.9907823422668968,1.0000000000000018,0.0,1.0,1.0
2014-02-19,wiki,0.9907823422669136,1.000000000000017,0.0,1.0,1.0
2014-02-20,wiki,0.9907823422668964,0.9999999999999827,0.0,1.0,1.0
2014-02-21,wiki,0.9907823422669022,1.0000000000000058,0.0,1.0,1.0
2014-02-24,wiki,0.9907823422668878,0.9999999999999855,0.0,1.0,1.0
2014-02-25,wiki,0.9907823422668838,0.999999999999996,0.0,1.0,1.0
2014-02-26,wiki,0.9907823422668958,1.0000000000000122,0.0,1.0,1.0
2014-02-27,wiki,0.9907823422668941,0.9999999999999983,0.0,1.0,1.0
2014-02-28,wiki,0.9907823422669145,1.0000000000000207,0.0,1.0,1.0
2014-03-03,wiki,0.9907823422668944,0.9999999999999797,0.0,1.0,1.0
2014-03-04,wiki,0.9907823422669174,1.000000000000023,0.0,1.0,1.0
2014-03-05,wiki,0.9907823422669014,0.9999999999999839,0.0,1.0,1.0
2014-03-06,wiki,0.9907823422668974,0.999999999999996,0.0,1.0,1.0
2014-03-07,wiki,0.9907823422669054,1.000000000000008,0.0,1.0,1.0
2014-03-10,wiki,0.9907823422668894,0.9999999999999839,0.0,1.0,1.0
2014-03-11,wiki,0.9907823422669073,1.000000000000018,0.0,1.0,1.0
2014-03-12,wiki,0.9907823422668952,0.9999999999999878,0.0,1.0,1.0
2014-03-13,wiki,0.9907823422669161,1.000000000000021,0.0,1.0,1.0
2014-03-14,wiki,0.9907823422669157,0.9999999999999997,0.0,1.0,1.0
2014-03-17,wiki,0.9907823422669009,0.999999999999985,0.0,1.0,1.0
2014-03-18,wiki,0.9907823422669169,1.0000000000000162,0.0,1.0,1.0
2014-03-19,wiki,0.9907823422669033,0.9999999999999863,0.0,1.0,1.0
2014-03-20,wiki,0.9907823422668979,0.9999999999999946,0.0,1.0,1.0
2014-03-21,wiki,0.990782342266911,1.0000000000000133,0.0,1.0,1.0
2014-03-24,wiki,0.9907823422669162,1.0000000000000053,0.0,1.0,1.0
2014-03-25,wiki,0.9907823422668941,0.9999999999999777,0.0,1.0,1.0
2014-03-26,wiki,0.9907823422669065,1.0000000000000127,0.0,1.0,1.0
2014-03-27,wiki,0.990782342266918,1.0000000000000115,0.0,1.0,1.0
2014-03-28,wiki,0.9907823422668928,0.9999999999999746,0.0,1.0,1.0
2014-03-31,wiki,0.9907823422669114,1.0000000000000189,0.0,1.0,1.0
2014-04-01,wiki,0.9907823422669136,1.0000000000000022,0.0,1.0,1.0
2014-04-02,wiki,0.9907823422668824,0.9999999999999685,0.0,1.0,1.0
2014-04-03,wiki,0.9907823422668869,1.0000000000000044,0.0,1.0,1.0
2014-04-04,wiki,0.9907823422668925,1.0000000000000058,0.0,1.0,1.0
2014-04-07,wiki,0.9907823422668954,1.0000000000000029,0.0,1.0,1.0
2014-04-08,wiki,0.990782342266919,1.0000000000000238,0.0,1.0,1.0
2014-04-09,wiki,0.9907823422669005,0.9999999999999813,0.0,1.0,1.0
2014-04-10,wiki,0.9907823422669058,1.0000000000000053,0.0,1.0,1.0
2014-04-11,wiki,0.9907823422669048,0.999999999999999,0.0,1.0,1.0
2014-04-14,wiki,0.9907823422669102,1.0000000000000056,0.0,1.0,1.0
2014-04-15,wiki,0.9907823422669024,0.9999999999999921,0.0,1.0,1.0
2014-04-16,wiki,0.9907823422668989,0.9999999999999964,0.0,1.0,1.0
2014-04-17,wiki,0.9907823422669142,1.0000000000000155,0.0,1.0,1.0
2014-04-21,wiki,0.9907823422669013,0.999999999999987,0.0,1.0,1.0
2014-04-22,wiki,0.9907823422669176,1.0000000000000164,0.0,1.0,1.0
2014-04-23,wiki,0.9907823422668952,0.9999999999999774,0.0,1.0,1.0
2014-04-24,wiki,0.9907823422668877,0.9999999999999923,0.0,1.0,1.0
2014-04-25,wiki,0.9907823422668981,1.0000000000000104,0.0,1.0,1.0
2014-04-28,wiki,0.9907823422669192,1.0000000000000213,0.0,1.0,1.0
2014-04-29,wiki,0.9907823422669056,0.9999999999999863,0.0,1.0,1.0
2014-04-30,wiki,0.9907823422668871,0.9999999999999812,0.0,1.0,1.0
2014-05-01,wiki,0.9907823422668974,1.0000000000000104,0.0,1.0,1.0
2014-05-02,wiki,0.9907823422669011,1.0000000000000038,0.0,1.0,1.0
2014-05-05,wiki,0.9907823422668943,0.9999999999999931,0.0,1.0,1.0
2014-05-06,wiki,0.9907823422668927,0.9999999999999983,0.0,1.0,1.0
2014-05-07,wiki,0.9907823422669149,1.0000000000000224,0.0,1.0,1.0
2014-05-08,wiki,0.9907823422669102,0.9999999999999953,0.0,1.0,1.0
2014-05-09,wiki,0.990782342266898,0.9999999999999877,0.0,1.0,1.0
2014-05-12,wiki,0.9907823422669194,1.0000000000000215,0.0,1.0,1.0
2014-05-13,wiki,0.9907823422668852,0.9999999999999655,0.0,1.0,1.0
2014-05-14,wiki,0.9907823422668852,1.0,0.0,1.0,1.0
2014-05-15,wiki,0.9907823422669164,1.0000000000000315,0.0,1.0,1.0
2014-05-16,wiki,0.9907823422668918,0.9999999999999751,0.0,1.0,1.0
2014-05-19,wiki,0.9907823422668808,0.9999999999999889,0.0,1.0,1.0
2014-05-20,wiki,0.9907823422668992,1.0000000000000187,0.0,1.0,1.0
2014-05-21,wiki,0.990782342266884,0.9999999999999847,0.0,1.0,1.0
2014-05-22,wiki,0.9907823422669099,1.0000000000000262,0.0,1.0,1.0
2014-05-23,wiki,0.9907823422669157,1.000000000000006,0.0,1.0,1.0
2014-05-27,wiki,0.9907823422669145,0.9999999999999988,0.0,1.0,1.0
2014-05-28,wiki,0.9907823422669167,1.0000000000000022,0.0,1.0,1.0
2014-05-29,wiki,0.9907823422669081,0.9999999999999912,0.0,1.0,1.0
2014-05-30,wiki,0.9907823422669009,0.9999999999999927,0.0,1.0,1.0
2014-06-02,wiki,0.9907823422669173,1.0000000000000167,0.0,1.0,1.0
2014-06-03,wiki,0.9907823422669048,0.9999999999999873,0.0,1.0,1.0
2014-06-04,wiki,0.9907823422669099,1.000000000000005,0.0,1.0,1.0
2014-06-05,wiki,0.9907823422668964,0.9999999999999865,0.0,1.0,1.0
2014-06-06,wiki,0.9907823422669045,1.0000000000000082,0.0,1.0,1.0
2014-06-09,wiki,0.9907823422669038,0.9999999999999992,0.0,1.0,1.0
2014-06-10,wiki,0.9907823422669124,1.0000000000000087,0.0,1.0,1.0
2014-06-11,wiki,0.9907823422668888,0.9999999999999761,0.0,1.0,1.0
2014-06-12,wiki,0.9907823422669073,1.0000000000000187,0.0,1.0,1.0
2014-06-13,wiki,0.9907823422669187,1.0000000000000115,0.0,1.0,1.0
2014-06-16,wiki,0.9907823422669103,0.9999999999999915,0.0,1.0,1.0
2014-06-17,wiki,0.9907823422669088,0.9999999999999984,0.0,1.0,1.0
2014-06-18,wiki,0.990782342266911,1.0000000000000022,0.0,1.0,1.0
2014-06-19,wiki,0.9907823422668953,0.9999999999999842,0.0,1.0,1.0
2014-06-20,wiki,0.9907823422668846,0.9999999999999891,0.0,1.0,1.0
2014-06-23,wiki,0.9907823422669121,1.0000000000000278,0.0,1.0,1.0
2014-06-24,wiki,0.9907823422669096,0.9999999999999976,0.0,1.0,1.0
2014-06-25,wiki,0.9907823422668922,0.9999999999999825,0.0,1.0,1.0
2014-06-26,wiki,0.9907823422668842,0.9999999999999919,0.0,1.0,1.0
2014-06-27,wiki,0.9907823422668937,1.0000000000000095,0.0,1.0,1.0
2014-06-30,wiki,0.9907823422669155,1.000000000000022,0.0,1.0,1.0
2014-07-01,wiki,0.99078234226691,0.9999999999999944,0.0,1.0,1.0
2014-07-02,wiki,0.9907823422669159,1.000000000000006,0.0,1.0,1.0
2014-07-03,wiki,0.990782342266889,0.9999999999999729,0.0,1.0,1.0
2014-07-07,wiki,0.9907823422668909,1.000000000000002,0.0,1.0,1.0
2014-07-08,wiki,0.9907823422668833,0.9999999999999923,0.0,1.0,1.0
2014-07-09,wiki,0.9907823422669126,1.0000000000000295,0.0,1.0,1.0
2014-07-10,wiki,0.9907823422669076,0.999999999999995,0.0,1.0,1.0
2014-07-11,wiki,0.990782342266887,0.9999999999999791,0.0,1.0,1.0
2014-07-14,wiki,0.9907823422668893,1.0000000000000024,0.0,1.0,1.0
2014-07-15,wiki,0.9907823422669181,1.000000000000029,0.0,1.0,1.0
2014-07-16,wiki,0.9907823422668895,0.9999999999999712,0.0,1.0,1.0
2014-07-17,wiki,0.9907823422668897,1.0000000000000002,0.0,1.0,1.0
2014-07-18,wiki,0.9907823422668931,1.0000000000000036,0.0,1.0,1.0
2014-07-21,wiki,0.9907823422669079,1.0000000000000149,0.0,1.0,1.0
2014-07-22,wiki,0.9907823422669113,1.0000000000000036,0.0,1.0,1.0
2014-07-23,wiki,0.9907823422669118,1.0000000000000004,0.0,1.0,1.0
2014-07-24,wiki,0.9907823422669023,0.9999999999999905,0.0,1.0,1.0
2014-07-25,wiki,0.990782342266918,1.0000000000000158,0.0,1.0,1.0
2014-07-28,wiki,0.9907823422668915,0.9999999999999734,0.0,1.0,1.0
2014-07-29,wiki,0.9907823422669104,1.000000000000019,0.0,1.0,1.0
2014-07-30,wiki,0.9907823422669157,1.0000000000000053,0.0,1.0,1.0
2014-07-31,wiki,0.9907823422669181,1.0000000000000024,0.0,1.0,1.0
2014-08-01,wiki,0.9907823422668985,0.9999999999999802,0.0,1.0,1.0
2014-08-04,wiki,0.9907823422668985,1.0,0.0,1.0,1.0
2014-08-05,wiki,0.9907823422668987,1.0000000000000002,0.0,1.0,1.0
2014-08-06,wiki,0.9907823422669016,1.000000000000003,0.0,1.0,1.0
2014-08-07,wiki,0.9907823422669189,1.0000000000000173,0.0,1.0,1.0
2014-08-08,wiki,0.9907823422669056,0.9999999999999867,0.0,1.0,1.0
2014-08-11,wiki,0.9907823422669154,1.0000000000000098,0.0,1.0,1.0
2014-08-12,wiki,0.9907823422669125,0.9999999999999971,0.0,1.0,1.0
2014-08-13,wiki,0.9907823422669091,0.9999999999999966,0.0,1.0,1.0
2014-08-14,wiki,0.9907823422668949,0.9999999999999857,0.0,1.0,1.0
2014-08-15,wiki,0.9907823422668877,0.9999999999999927,0.0,1.0,1.0
2014-08-18,wiki,0.9907823422668836,0.9999999999999959,0.0,1.0,1.0
2014-08-19,wiki,0.9907823422669154,1.0000000000000322,0.0,1.0,1.0
2014-08-20,wiki,0.990782342266914,0.9999999999999986,0.0,1.0,1.0
2014-08-21,wiki,0.9907823422669076,0.9999999999999936,0.0,1.0,1.0
2014-08-22,wiki,0.9907823422668972,0.9999999999999895,0.0,1.0,1.0
2014-08-25,wiki,0.9907823422668928,0.9999999999999956,0.0,1.0,1.0
2014-08-26,wiki,0.9907823422669043,1.0000000000000115,0.0,1.0,1.0
2014-08-27,wiki,0.9907823422668876,0.9999999999999831,0.0,1.0,1.0
2014-08-28,wiki,0.990782342266906,1.0000000000000187,0.0,1.0,1.0
2014-08-29,wiki,0.9907823422668909,0.9999999999999848,0.0,1.0,1.0
2014-09-02,wiki,0.9907823422668834,0.9999999999999925,0.0,1.0,1.0
2014-09-03,wiki,0.9907823422668994,1.0000000000000162,0.0,1.0,1.0
2014-09-04,wiki,0.9907823422669161,1.0000000000000169,0.0,1.0,1.0
2014-09-05,wiki,0.9907823422669008,0.9999999999999846,0.0,1.0,1.0
2014-09-08,wiki,0.9907823422669138,1.000000000000013,0.0,1.0,1.0
2014-09-09,wiki,0.9907823422668947,0.9999999999999807,0.0,1.0,1.0
2014-09-10,wiki,0.9907823422668879,0.9999999999999931,0.0,1.0,1.0
2014-09-11,wiki,0.990782342266896,1.0000000000000082,0.0,1.0,1.0
2014-09-12,wiki,0.9907823422669148,1.0000000000000189,0.0,1.0,1.0
2014-09-15,wiki,0.9907823422669004,0.9999999999999856,0.0,1.0,1.0
2014-09-16,wiki,0.9907823422669118,1.0000000000000113,0.0,1.0,1.0
2014-09-17,wiki,0.9907823422668925,0.9999999999999806,0.0,1.0,1.0
2014-09-18,wiki,0.990782342266886,0.9999999999999933,0.0,1.0,1.0
2014-09-19,wiki,0.9907823422668833,0.9999999999999973,0.0,1.0,1.0
2014-09-22,wiki,0.9907823422668959,1.0000000000000127,0.0,1.0,1.0
2014-09-23,wiki,0.9907823422669148,1.000000000000019,0.0,1.0,1.0
2014-09-24,wiki,0.9907823422668817,0.9999999999999666,0.0,1.0,1.0
2014-09-25,wiki,0.990782342266897,1.0000000000000155,0.0,1.0,1.0
2014-09-26,wiki,0.990782342266911,1.0000000000000142,0.0,1.0,1.0
2014-09-29,wiki,0.9907823422668951,0.999999999999984,0.0,1.0,1.0
2014-09-30,wiki,0.9907823422668868,0.9999999999999916,0.0,1.0,1.0
2014-10-01,wiki,0.9907823422668974,1.0000000000000107,0.0,1.0,1.0
2014-10-02,wiki,0.9907823422669185,1.0000000000000213,0.0,1.0,1.0
2014-10-03,wiki,0.9907823422668942,0.9999999999999755,0.0,1.0,1.0
2014-10-06,wiki,0.9907823422668858,0.9999999999999915,0.0,1.0,1.0
2014-10-07,wiki,0.9907823422668887,1.0000000000000029,0.0,1.0,1.0
2014-10-08,wiki,0.990782342266889,1.0000000000000004,0.0,1.0,1.0
2014-10-09,wiki,0.9907823422669009,1.000000000000012,0.0,1.0,1.0
2014-10-10,wiki,0.9907823422669114,1.0000000000000107,0.0,1.0,1.0
2014-10-13,wiki,0.9907823422668997,0.9999999999999881,0.0,1.0,1.0
2014-10-14,wiki,0.9907823422668951,0.9999999999999954,0.0,1.0,1.0
2014-10-15,wiki,0.9907823422668844,0.9999999999999892,0.0,1.0,1.0
2014-10-16,wiki,0.9907823422669045,1.0000000000000202,0.0,1.0,1.0
2014-10-17,wiki,0.9907823422669026,0.9999999999999981,0.0,1.0,1.0
2014-10-20,wiki,0.9907823422668837,0.9999999999999808,0.0,1.0,1.0
2014-10-21,wiki,0.990782342266913,1.0000000000000295,0.0,1.0,1.0
2014-10-22,wiki,0.9907823422669023,0.9999999999999892,0.0,1.0,1.0
2014-10-23,wiki,0.9907823422669083,1.000000000000006,0.0,1.0,1.0
2014-10-24,wiki,0.9907823422669103,1.000000000000002,0.0,1.0,1.0
2014-10-27,wiki,0.990782342266901,0.9999999999999906,0.0,1.0,1.0
2014-10-28,wiki,0.9907823422668997,0.9999999999999987,0.0,1.0,1.0
2014-10-29,wiki,0.9907823422668834,0.9999999999999837,0.0,1.0,1.0
2014-10-30,wiki,0.9907823422668833,0.9999999999999999,0.0,1.0,1.0
2014-10-31,wiki,0.9907823422669136,1.0000000000000306,0.0,1.0,1.0
2014-11-03,wiki,0.990782342266915,1.0000000000000013,0.0,1.0,1.0
2014-11-04,wiki,0.9907823422669086,0.9999999999999936,0.0,1.0,1.0
2014-11-05,wiki,0.9907823422669179,1.0000000000000093,0.0,1.0,1.0
2014-11-06,wiki,0.9907823422668959,0.9999999999999778,0.0,1.0,1.0
2014-11-07,wiki,0.9907823422669159,1.0000000000000202,0.0,1.0,1.0
2014-11-10,wiki,0.9907823422668866,0.9999999999999705,0.0,1.0,1.0
2014-11-11,wiki,0.9907823422668848,0.9999999999999982,0.0,1.0,1.0
2014-11-12,wiki,0.9907823422668856,1.0000000000000009,0.0,1.0,1.0
2014-11-13,wiki,0.9907823422668964,1.0000000000000109,0.0,1.0,1.0
2014-11-14,wiki,0.9907823422669025,1.0000000000000062,0.0,1.0,1.0
2014-11-17,wiki,0.9907823422669111,1.0000000000000087,0.0,1.0,1.0
2014-11-18,wiki,0.9907823422669149,1.0000000000000038,0.0,1.0,1.0
2014-11-19,wiki,0.9907823422669089,0.9999999999999939,0.0,1.0,1.0
2014-11-20,wiki,0.990782342266896,0.999999999999987,0.0,1.0,1.0
2014-11-21,wiki,0.9907823422668887,0.9999999999999926,0.0,1.0,1.0
2014-11-24,wiki,0.9907823422669113,1.0000000000000229,0.0,1.0,1.0
2014-11-25,wiki,0.9907823422668844,0.9999999999999729,0.0,1.0,1.0
2014-11-26,wiki,0.9907823422669059,1.0000000000000215,0.0,1.0,1.0
2014-11-28,wiki,0.9907823422669045,0.9999999999999987,0.0,1.0,1.0
2014-12-01,wiki,0.990782342266894,0.9999999999999893,0.0,1.0,1.0
2014-12-02,wiki,0.9907823422668999,1.000000000000006,0.0,1.0,1.0
2014-12-03,wiki,0.9907823422669035,1.0000000000000038,0.0,1.0,1.0
2014-12-04,wiki,0.9907823422668844,0.9999999999999807,0.0,1.0,1.0
2014-12-05,wiki,0.9907823422668919,1.0000000000000075,0.0,1.0,1.0
2014-12-08,wiki,0.9907823422668871,0.9999999999999952,0.0,1.0,1.0
2014-12-09,wiki,0.9907823422669169,1.00000000000003,0.0,1.0,1.0
2014-12-10,wiki,0.9907823422669045,0.9999999999999876,0.0,1.0,1.0
2014-12-11,wiki,0.990782342266897,0.9999999999999923,0.0,1.0,1.0
2014-12-12,wiki,0.9907823422669145,1.0000000000000178,0.0,1.0,1.0
2014-12-15,wiki,0.9907823422669122,0.9999999999999977,0.0,1.0,1.0
2014-12-16,wiki,0.9907823422668893,0.9999999999999769,0.0,1.0,1.0
2014-12-17,wiki,0.9907823422668975,1.0000000000000082,0.0,1.0,1.0
2014-12-18,wiki,0.9907823422669032,1.0000000000000058,0.0,1.0,1.0
2014-12-19,wiki,0.9907823422669084,1.0000000000000053,0.0,1.0,1.0
2014-12-22,wiki,0.9907823422668854,0.9999999999999768,0.0,1.0,1.0
2014-12-23,wiki,0.9907823422669036,1.0000000000000184,0.0,1.0,1.0
2014-12-24,wiki,0.9907823422668849,0.999999999999981,0.0,1.0,1.0
2014-12-26,wiki,0.9907823422669003,1.0000000000000155,0.0,1.0,1.0
2014-12-29,wiki,0.9907823422668954,0.9999999999999951,0.0,1.0,1.0
2014-12-30,wiki,0.9907823422669061,1.0000000000000107,0.0,1.0,1.0
2014-12-31,wiki,0.9907823422669113,1.0000000000000053,0.0,1.0,1.0
2015-01-02,wiki,0.9907823422669166,1.0000000000000053,0.0,1.0,1.0
2015-01-05,wiki,0.9907823422669155,0.9999999999999989,0.0,1.0,1.0
2015-01-06,wiki,0.9907823422668995,0.9999999999999839,0.0,1.0,1.0
2015-01-07,wiki,0.9907823422669049,1.0000000000000053,0.0,1.0,1.0
2015-01-08,wiki,0.9907823422669051,1.0000000000000002,0.0,1.0,1.0
2015-01-09,wiki,0.9907823422668959,0.9999999999999907,0.0,1.0,1.0
2015-01-12,wiki,0.9907823422668863,0.9999999999999903,0.0,1.0,1.0
2015-01-13,wiki,0.99078234226691,1.0000000000000238,0.0,1.0,1.0
2015-01-14,wiki,0.9907823422669082,0.9999999999999982,0.0,1.0,1.0
2015-01-15,wiki,0.9907823422669052,0.999999999999997,0.0,1.0,1.0
2015-01-16,wiki,0.9907823422668968,0.9999999999999915,0.0,1.0,1.0
2015-01-20,wiki,0.9907823422669122,1.0000000000000155,0.0,1.0,1.0
2015-01-21,wiki,0.9907823422668859,0.9999999999999735,0.0,1.0,1.0
2015-01-22,wiki,0.9907823422668885,1.0000000000000027,0.0,1.0,1.0
2015-01-23,wiki,0.9907823422668989,1.0000000000000104,0.0,1.0,1.0
2015-01-26,wiki,0.9907823422668884,0.9999999999999895,0.0,1.0,1.0
2015-01-27,wiki,0.9907823422669042,1.000000000000016,0.0,1.0,1.0
2015-01-28,wiki,0.990782342266908,1.0000000000000038,0.0,1.0,1.0
2015-01-29,wiki,0.9907823422668897,0.9999999999999815,0.0,1.0,1.0
2015-01-30,wiki,0.9907823422669044,1.0000000000000149,0.0,1.0,1.0
2015-02-02,wiki,0.9907823422669114,1.000000000000007,0.0,1.0,1.0
2015-02-03,wiki,0.9907823422668992,0.9999999999999877,0.0,1.0,1.0
2015-02-04,wiki,0.9907823422668992,1.0,0.0,1.0,1.0
2015-02-05,wiki,0.9907823422669001,1.0000000000000009,0.0,1.0,1.0
2015-02-06,wiki,0.9907823422668998,0.9999999999999997,0.0,1.0,1.0
2015-02-09,wiki,0.9907823422669155,1.000000000000016,0.0,1.0,1.0
2015-02-10,wiki,0.9907823422668909,0.9999999999999751,0.0,1.0,1.0
2015-02-11,wiki,0.9907823422669052,1.0000000000000144,0.0,1.0,1.0
2015-02-12,wiki,0.9907823422668912,0.9999999999999859,0.0,1.0,1.0
2015-02-13,wiki,0.9907823422669132,1.0000000000000222,0.0,1.0,1.0
2015-02-17,wiki,0.9907823422668964,0.9999999999999831,0.0,1.0,1.0
2015-02-18,wiki,0.9907823422669071,1.0000000000000107,0.0,1.0,1.0
2015-02-19,wiki,0.9907823422669103,1.0000000000000033,0.0,1.0,1.0
2015-02-20,wiki,0.990782342266891,0.9999999999999805,0.0,1.0,1.0
2015-02-23,wiki,0.9907823422668979,1.0000000000000069,0.0,1.0,1.0
2015-02-24,wiki,0.9907823422669177,1.00000000000002,0.0,1.0,1.0
2015-02-25,wiki,0.9907823422669102,0.9999999999999923,0.0,1.0,1.0
2015-02-26,wiki,0.9907823422668934,0.9999999999999831,0.0,1.0,1.0
2015-02-27,wiki,0.9907823422668846,0.999999999999991,0.0,1.0,1.0
2015-03-02,wiki,0.9907823422668887,1.0000000000000042,0.0,1.0,1.0
2015-03-03,wiki,0.9907823422669055,1.000000000000017,0.0,1.0,1.0
2015-03-04,wiki,0.9907823422668919,0.9999999999999862,0.0,1.0,1.0
2015-03-05,wiki,0.9907823422669166,1.000000000000025,0.0,1.0,1.0
2015-03-06,wiki,0.9907823422669079,0.9999999999999911,0.0,1.0,1.0
2015-03-09,wiki,0.9907823422668998,0.9999999999999918,0.0,1.0,1.0
2015-03-10,wiki,0.9907823422669145,1.0000000000000149,0.0,1.0,1.0
2015-03-11,wiki,0.9907823422669025,0.9999999999999879,0.0,1.0,1.0
2015-03-12,wiki,0.9907823422668901,0.9999999999999875,0.0,1.0,1.0
2015-03-13,wiki,0.9907823422669176,1.0000000000000278,0.0,1.0,1.0
2015-03-16,wiki,0.9907823422669016,0.9999999999999839,0.0,1.0,1.0
2015-03-17,wiki,0.9907823422668998,0.9999999999999981,0.0,1.0,1.0
2015-03-18,wiki,0.9907823422668967,0.9999999999999969,0.0,1.0,1.0
2015-03-19,wiki,0.9907823422668947,0.999999999999998,0.0,1.0,1.0
2015-03-20,wiki,0.9907823422669045,1.00000000000001,0.0,1.0,1.0
2015-03-23,wiki,0.9907823422668929,0.9999999999999882,0.0,1.0,1.0
2015-03-24,wiki,0.9907823422668842,0.9999999999999912,0.0,1.0,1.0
2015-03-25,wiki,0.9907823422668987,1.0000000000000147,0.0,1.0,1.0
2015-03-26,wiki,0.990782342266886,0.9999999999999872,0.0,1.0,1.0
2015-03-27,wiki,0.9907823422669146,1.0000000000000289,0.0,1.0,1.0
2015-03-30,wiki,0.9907823422668999,0.9999999999999851,0.0,1.0,1.0
2015-03-31,wiki,0.990782342266903,1.000000000000003,0.0,1.0,1.0
2015-04-01,wiki,0.9907823422668885,0.9999999999999855,0.0,1.0,1.0
2015-04-02,wiki,0.9907823422668891,1.0000000000000007,0.0,1.0,1.0
2015-04-06,wiki,0.9907823422669026,1.0000000000000138,0.0,1.0,1.0
2015-04-07,wiki,0.990782342266899,0.9999999999999963,0.0,1.0,1.0
2015-04-08,wiki,0.9907823422668895,0.9999999999999905,0.0,1.0,1.0
2015-04-09,wiki,0.9907823422669005,1.000000000000011,0.0,1.0,1.0
2015-04-10,wiki,0.9907823422669038,1.0000000000000033,0.0,1.0,1.0
2015-04-13,wiki,0.9907823422669105,1.0000000000000069,0.0,1.0,1.0
2015-04-14,wiki,0.9907823422669146,1.0000000000000042,0.0,1.0,1.0
2015-04-15,wiki,0.9907823422669094,0.9999999999999948,0.0,1.0,1.0
2015-04-16,wiki,0.9907823422668957,0.9999999999999861,0.0,1.0,1.0
2015-04-17,wiki,0.9907823422669086,1.000000000000013,0.0,1.0,1.0
2015-04-20,wiki,0.9907823422669049,0.9999999999999962,0.0,1.0,1.0
2015-04-21,wiki,0.9907823422669093,1.0000000000000044,0.0,1.0,1.0
2015-04-22,wiki,0.9907823422668894,0.9999999999999799,0.0,1.0,1.0
2015-04-23,wiki,0.9907823422669161,1.0000000000000269,0.0,1.0,1.0
2015-04-24,wiki,0.9907823422669139,0.9999999999999978,0.0,1.0,1.0
2015-04-27,wiki,0.9907823422668942,0.9999999999999801,0.0,1.0,1.0
2015-04-28,wiki,0.9907823422669159,1.0000000000000218,0.0,1.0,1.0
2015-04-29,wiki,0.9907823422669061,0.9999999999999901,0.0,1.0,1.0
2015-04-30,wiki,0.9907823422668931,0.9999999999999869,0.0,1.0,1.0
2015-05-01,wiki,0.9907823422668878,0.9999999999999947,0.0,1.0,1.0
2015-05-04,wiki,0.9907823422669019,1.0000000000000142,0.0,1.0,1.0
2015-05-05,wiki,0.9907823422668862,0.9999999999999842,0.0,1.0,1.0
2015-05-06,wiki,0.9907823422669049,1.0000000000000189,0.0,1.0,1.0
2015-05-07,wiki,0.9907823422669148,1.00000000000001,0.0,1.0,1.0
2015-05-08,wiki,0.9907823422668974,0.9999999999999826,0.0,1.0,1.0
2015-05-11,wiki,0.9907823422669056,1.0000000000000082,0.0,1.0,1.0
2015-05-12,wiki,0.9907823422668958,0.99999999999999,0.0,1.0,1.0
2015-05-13,wiki,0.9907823422669106,1.000000000000015,0.0,1.0,1.0
2015-05-14,wiki,0.990782342266901,0.9999999999999902,0.0,1.0,1.0
2015-05-15,wiki,0.9907823422669085,1.0000000000000075,0.0,1.0,1.0
2015-05-18,wiki,0.9907823422669062,0.9999999999999977,0.0,1.0,1.0
2015-05-19,wiki,0.9907823422668903,0.999999999999984,0.0,1.0,1.0
2015-05-20,wiki,0.9907823422668999,1.0000000000000095,0.0,1.0,1.0
2015-05-21,wiki,0.990782342266891,0.999999999999991,0.0,1.0,1.0
2015-05-22,wiki,0.990782342266891,1.0,0.0,1.0,1.0
2015-05-26,wiki,0.9907823422669018,1.0000000000000109,0.0,1.0,1.0
2015-05-27,wiki,0.9907823422669049,1.000000000000003,0.0,1.0,1.0
2015-05-28,wiki,0.9907823422669043,0.9999999999999994,0.0,1.0,1.0
2015-05-29,wiki,0.990782342266886,0.9999999999999815,0.0,1.0,1.0
2015-06-01,wiki,0.9907823422669113,1.0000000000000255,0.0,1.0,1.0
2015-06-02,wiki,0.990782342266917,1.0000000000000058,0.0,1.0,1.0
2015-06-03,wiki,0.9907823422668895,0.9999999999999724,0.0,1.0,1.0
2015-06-04,wiki,0.9907823422669129,1.0000000000000235,0.0,1.0,1.0
2015-06-05,wiki,0.9907823422669081,0.9999999999999952,0.0,1.0,1.0
2015-06-08,wiki,0.9907823422668945,0.9999999999999863,0.0,1.0,1.0
2015-06-09,wiki,0.9907823422668893,0.9999999999999948,0.0,1.0,1.0
2015-06-10,wiki,0.9907823422668913,1.000000000000002,0.0,1.0,1.0
2015-06-11,wiki,0.9907823422669061,1.0000000000000149,0.0,1.0,1.0
2015-06-12,wiki,0.9907823422668878,0.9999999999999815,0.0,1.0,1.0
2015-06-15,wiki,0.9907823422669139,1.0000000000000264,0.0,1.0,1.0
2015-06-16,wiki,0.9907823422668951,0.999999999999981,0.0,1.0,1.0
2015-06-17,wiki,0.9907823422669131,1.0000000000000182,0.0,1.0,1.0
2015-06-18,wiki,0.9907823422669034,0.9999999999999902,0.0,1.0,1.0
2015-06-19,wiki,0.9907823422668891,0.9999999999999856,0.0,1.0,1.0
2015-06-22,wiki,0.9907823422669066,1.0000000000000178,0.0,1.0,1.0
2015-06-23,wiki,0.9907823422669143,1.0000000000000078,0.0,1.0,1.0
2015-06-24,wiki,0.9907823422668843,0.9999999999999697,0.0,1.0,1.0
2015-06-25,wiki,0.9907823422669012,1.000000000000017,0.0,1.0,1.0
2015-06-26,wiki,0.9907823422669089,1.0000000000000078,0.0,1.0,1.0
2015-06-29,wiki,0.9907823422669069,0.999999999999998,0.0,1.0,1.0
2015-06-30,wiki,0.9907823422669043,0.9999999999999974,0.0,1.0,1.0
2015-07-01,wiki,0.9907823422668852,0.9999999999999807,0.0,1.0,1.0
2015-07-02,wiki,0.9907823422669078,1.0000000000000226,0.0,1.0,1.0
2015-07-06,wiki,0.9907823422669146,1.0000000000000069,0.0,1.0,1.0
2015-07-07,wiki,0.990782342266892,0.9999999999999771,0.0,1.0,1.0
2015-07-08,wiki,0.9907823422669142,1.0000000000000224,0.0,1.0,1.0
2015-07-09,wiki,0.9907823422668901,0.9999999999999757,0.0,1.0,1.0
2015-07-10,wiki,0.9907823422669162,1.0000000000000264,0.0,1.0,1.0
2015-07-13,wiki,0.9907823422668989,0.9999999999999826,0.0,1.0,1.0
2015-07-14,wiki,0.9907823422669073,1.0000000000000084,0.0,1.0,1.0
2015-07-15,wiki,0.9907823422669068,0.9999999999999994,0.0,1.0,1.0
2015-07-16,wiki,0.9907823422668873,0.9999999999999803,0.0,1.0,1.0
2015-07-17,wiki,0.9907823422668915,1.0000000000000042,0.0,1.0,1.0
2015-07-20,wiki,0.9907823422669,1.0000000000000084,0.0,1.0,1.0
2015-07-21,wiki,0.9907823422669159,1.000000000000016,0.0,1.0,1.0
2015-07-22,wiki,0.9907823422668965,0.9999999999999805,0.0,1.0,1.0
2015-07-23,wiki,0.9907823422668989,1.0000000000000024,0.0,1.0,1.0
2015-07-24,wiki,0.9907823422669002,1.0000000000000013,0.0,1.0,1.0
2015-07-27,wiki,0.9907823422668914,0.9999999999999911,0.0,1.0,1.0
2015-07-28,wiki,0.990782342266903,1.0000000000000115,0.0,1.0,1.0
2015-07-29,wiki,0.9907823422668866,0.9999999999999835,0.0,1.0,1.0
2015-07-30,wiki,0.9907823422668893,1.0000000000000029,0.0,1.0,1.0
2015-07-31,wiki,0.9907823422669065,1.0000000000000173,0.0,1.0,1.0
2015-08-03,wiki,0.9907823422668984,0.9999999999999918,0.0,1.0,1.0
2015-08-04,wiki,0.9907823422668963,0.9999999999999979,0.0,1.0,1.0
2015-08-05,wiki,0.9907823422669111,1.0000000000000149,0.0,1.0,1.0
2015-08-06,wiki,0.9907823422668941,0.9999999999999829,0.0,1.0,1.0
2015-08-07,wiki,0.9907823422669157,1.0000000000000218,0.0,1.0,1.0
2015-08-10,wiki,0.9907823422669109,0.9999999999999951,0.0,1.0,1.0
2015-08-11,wiki,0.990782342266913,1.0000000000000022,0.0,1.0,1.0
2015-08-12,wiki,0.9907823422669091,0.9999999999999961,0.0,1.0,1.0
2015-08-13,wiki,0.9907823422668822,0.9999999999999729,0.0,1.0,1.0
2015-08-14,wiki,0.9907823422668932,1.000000000000011,0.0,1.0,1.0
2015-08-17,wiki,0.9907823422669173,1.0000000000000244,0.0,1.0,1.0
2015-08-18,wiki,0.9907823422668837,0.999999999999966,0.0,1.0,1.0
2015-08-19,wiki,0.9907823422668951,1.0000000000000115,0.0,1.0,1.0
2015-08-20,wiki,0.9907823422668868,0.9999999999999916,0.0,1.0,1.0
2015-08-21,wiki,0.990782342266916,1.0000000000000295,0.0,1.0,1.0
2015-08-24,wiki,0.9907823422669094,0.9999999999999933,0.0,1.0,1.0
2015-08-25,wiki,0.9907823422668957,0.9999999999999861,0.0,1.0,1.0
2015-08-26,wiki,0.990782342266902,1.0000000000000064,0.0,1.0,1.0
2015-08-27,wiki,0.9907823422669143,1.0000000000000124,0.0,1.0,1.0
2015-08-28,wiki,0.9907823422668827,0.999999999999968,0.0,1.0,1.0
2015-08-31,wiki,0.9907823422668844,1.0000000000000018,0.0,1.0,1.0
2015-09-01,wiki,0.9907823422669175,1.0000000000000333,0.0,1.0,1.0
2015-09-02,wiki,0.9907823422669172,0.9999999999999997,0.0,1.0,1.0
2015-09-03,wiki,0.990782342266903,0.9999999999999857,0.0,1.0,1.0
2015-09-04,wiki,0.9907823422669062,1.0000000000000033,0.0,1.0,1.0
2015-09-08,wiki,0.990782342266892,0.9999999999999857,0.0,1.0,1.0
2015-09-09,wiki,0.9907823422669051,1.0000000000000133,0.0,1.0,1.0
2015-09-10,wiki,0.9907823422669023,0.9999999999999972,0.0,1.0,1.0
2015-09-11,wiki,0.9907823422668848,0.9999999999999823,0.0,1.0,1.0
2015-09-14,wiki,0.9907823422668811,0.9999999999999963,0.0,1.0,1.0
2015-09-15,wiki,0.9907823422668954,1.0000000000000144,0.0,1.0,1.0
2015-09-16,wiki,0.9907823422669025,1.000000000000007,0.0,1.0,1.0
2015-09-17,wiki,0.9907823422668887,0.999999999999986,0.0,1.0,1.0
2015-09-18,wiki,0.9907823422669078,1.0000000000000193,0.0,1.0,1.0
2015-09-21,wiki,0.9907823422668853,0.9999999999999774,0.0,1.0,1.0
2015-09-22,wiki,0.9907823422668992,1.000000000000014,0.0,1.0,1.0
2015-09-23,wiki,0.9907823422669126,1.0000000000000135,0.0,1.0,1.0
2015-09-24,wiki,0.9907823422669081,0.9999999999999954,0.0,1.0,1.0
2015-09-25,wiki,0.9907823422669109,1.0000000000000029,0.0,1.0,1.0
2015-09-28,wiki,0.9907823422668858,0.9999999999999747,0.0,1.0,1.0
2015-09-29,wiki,0.9907823422669187,1.0000000000000333,0.0,1.0,1.0
2015-09-30,wiki,0.9907823422668931,0.9999999999999741,0.0,1.0,1.0
2015-10-01,wiki,0.9907823422668953,1.0000000000000022,0.0,1.0,1.0
2015-10-02,wiki,0.9907823422669016,1.0000000000000064,0.0,1.0,1.0
2015-10-05,wiki,0.9907823422668891,0.9999999999999873,0.0,1.0,1.0
2015-10-06,wiki,0.9907823422668989,1.0000000000000098,0.0,1.0,1.0
2015-10-07,wiki,0.9907823422668992,1.0000000000000004,0.0,1.0,1.0
2015-10-08,wiki,0.9907823422668838,0.9999999999999845,0.0,1.0,1.0
2015-10-09,wiki,0.9907823422668856,1.0000000000000018,0.0,1.0,1.0
2015-10-12,wiki,0.9907823422669175,1.0000000000000322,0.0,1.0,1.0
2015-10-13,wiki,0.9907823422668867,0.9999999999999688,0.0,1.0,1.0
2015-10-14,wiki,0.9907823422668979,1.0000000000000113,0.0,1.0,1.0
2015-10-15,wiki,0.9907823422669134,1.0000000000000158,0.0,1.0,1.0
2015-10-16,wiki,0.9907823422668965,0.999999999999983,0.0,1.0,1.0
2015-10-19,wiki,0.9907823422668975,1.000000000000001,0.0,1.0,1.0
2015-10-20,wiki,0.9907823422669133,1.000000000000016,0.0,1.0,1.0
2015-10-21,wiki,0.9907823422669155,1.0000000000000022,0.0,1.0,1.0
2015-10-22,wiki,0.9907823422669021,0.9999999999999865,0.0,1.0,1.0
2015-10-23,wiki,0.9907823422669078,1.0000000000000058,0.0,1.0,1.0
2015-10-26,wiki,0.9907823422668859,0.9999999999999779,0.0,1.0,1.0
2015-10-27,wiki,0.9907823422669051,1.0000000000000193,0.0,1.0,1.0
2015-10-28,wiki,0.9907823422669059,1.0000000000000009,0.0,1.0,1.0
2015-10-29,wiki,0.9907823422669129,1.000000000000007,0.0,1.0,1.0
2015-10-30,wiki,0.9907823422668931,0.99999999999998,0.0,1.0,1.0
2015-11-02,wiki,0.9907823422669058,1.0000000000000129,0.0,1.0,1.0
2015-11-03,wiki,0.9907823422669085,1.0000000000000029,0.0,1.0,1.0
2015-11-04,wiki,0.990782342266903,0.9999999999999944,0.0,1.0,1.0
2015-11-05,wiki,0.9907823422668918,0.9999999999999887,0.0,1.0,1.0
2015-11-06,wiki,0.9907823422668904,0.9999999999999987,0.0,1.0,1.0
2015-11-09,wiki,0.9907823422669092,1.0000000000000189,0.0,1.0,1.0
2015-11-10,wiki,0.9907823422668952,0.9999999999999859,0.0,1.0,1.0
2015-11-11,wiki,0.9907823422668882,0.9999999999999929,0.0,1.0,1.0
2015-11-12,wiki,0.9907823422669004,1.0000000000000124,0.0,1.0,1.0
2015-11-13,wiki,0.990782342266911,1.0000000000000107,0.0,1.0,1.0
2015-11-16,wiki,0.9907823422669082,0.9999999999999972,0.0,1.0,1.0
2015-11-17,wiki,0.9907823422668987,0.9999999999999903,0.0,1.0,1.0
2015-11-18,wiki,0.9907823422669101,1.0000000000000115,0.0,1.0,1.0
2015-11-19,wiki,0.9907823422668928,0.9999999999999826,0.0,1.0,1.0
2015-11-20,wiki,0.9907823422669132,1.0000000000000207,0.0,1.0,1.0
2015-11-23,wiki,0.9907823422668905,0.9999999999999771,0.0,1.0,1.0
2015-11-24,wiki,0.990782342266912,1.0000000000000215,0.0,1.0,1.0
2015-11-25,wiki,0.9907823422668997,0.9999999999999876,0.0,1.0,1.0
2015-11-27,wiki,0.9907823422669072,1.0000000000000075,0.0,1.0,1.0
2015-11-30,wiki,0.9907823422668989,0.9999999999999916,0.0,1.0,1.0
2015-12-01,wiki,0.9907823422669111,1.0000000000000124,0.0,1.0,1.0
2015-12-02,wiki,0.9907823422669166,1.0000000000000056,0.0,1.0,1.0
2015-12-03,wiki,0.9907823422669155,0.9999999999999989,0.0,1.0,1.0
2015-12-04,wiki,0.9907823422669058,0.9999999999999901,0.0,1.0,1.0
2015-12-07,wiki,0.9907823422669165,1.0000000000000109,0.0,1.0,1.0
2015-12-08,wiki,0.9907823422669149,0.9999999999999983,0.0,1.0,1.0
2015-12-09,wiki,0.9907823422669143,0.9999999999999994,0.0,1.0,1.0
2015-12-10,wiki,0.9907823422668832,0.9999999999999686,0.0,1.0,1.0
2015-12-11,wiki,0.9907823422669152,1.0000000000000322,0.0,1.0,1.0
2015-12-14,wiki,0.9907823422668987,0.9999999999999833,0.0,1.0,1.0
2015-12-15,wiki,0.990782342266913,1.0000000000000144,0.0,1.0,1.0
2015-12-16,wiki,0.9907823422668862,0.999999999999973,0.0,1.0,1.0
2015-12-17,wiki,0.9907823422668921,1.000000000000006,0.0,1.0,1.0
2015-12-18,wiki,0.990782342266914,1.000000000000022,0.0,1.0,1.0
2015-12-21,wiki,0.9907823422668837,0.9999999999999694,0.0,1.0,1.0
2015-12-22,wiki,0.9907823422668981,1.0000000000000147,0.0,1.0,1.0
2015-12-23,wiki,0.990782342266894,0.9999999999999959,0.0,1.0,1.0
2015-12-24,wiki,0.9907823422668944,1.0000000000000004,0.0,1.0,1.0
2015-12-28,wiki,0.9907823422669161,1.0000000000000218,0.0,1.0,1.0
2015-12-29,wiki,0.9907823422668924,0.9999999999999761,0.0,1.0,1.0
2015-12-30,wiki,0.9907823422669003,1.000000000000008,0.0,1.0,1.0
2015-12-31,wiki,0.9907823422669126,1.0000000000000124,0.0,1.0,1.0
2016-01-04,wiki,0.9907823422669023,0.9999999999999896,0.0,1.0,1.0
2016-01-05,wiki,0.9907823422668857,0.9999999999999832,0.0,1.0,1.0
2016-01-06,wiki,0.9907823422668961,1.0000000000000104,0.0,1.0,1.0
2016-01-07,wiki,0.9907823422669162,1.0000000000000202,0.0,1.0,1.0
2016-01-08,wiki,0.9907823422669157,0.9999999999999996,0.0,1.0,1.0
2016-01-11,wiki,0.990782342266909,0.9999999999999931,0.0,1.0,1.0
2016-01-12,wiki,0.9907823422668972,0.9999999999999881,0.0,1.0,1.0
2016-01-13,wiki,0.9907823422669053,1.0000000000000082,0.0,1.0,1.0
2016-01-14,wiki,0.9907823422668982,0.9999999999999928,0.0,1.0,1.0
2016-01-15,wiki,0.9907823422669134,1.0000000000000153,0.0,1.0,1.0
2016-01-19,wiki,0.9907823422668969,0.9999999999999833,0.0,1.0,1.0
2016-01-20,wiki,0.9907823422669151,1.0000000000000184,0.0,1.0,1.0
2016-01-21,wiki,0.9907823422669104,0.9999999999999953,0.0,1.0,1.0
2016-01-22,wiki,0.9907823422669128,1.0000000000000024,0.0,1.0,1.0
2016-01-25,wiki,0.9907823422668813,0.9999999999999682,0.0,1.0,1.0
2016-01-26,wiki,0.9907823422669071,1.000000000000026,0.0,1.0,1.0
2016-01-27,wiki,0.9907823422668962,0.999999999999989,0.0,1.0,1.0
2016-01-28,wiki,0.9907823422668844,0.9999999999999881,0.0,1.0,1.0
2016-01-29,wiki,0.9907823422668803,0.9999999999999959,0.0,1.0,1.0
2016-02-01,wiki,0.9907823422668959,1.0000000000000158,0.0,1.0,1.0
2016-02-02,wiki,0.9907823422669205,1.0000000000000249,0.0,1.0,1.0
2016-02-03,wiki,0.9907823422669235,1.000000000000003,0.0,1.0,1.0
2016-02-04,wiki,0.9907823422669064,0.9999999999999828,0.0,1.0,1.0
2016-02-05,wiki,0.9907823422669052,0.9999999999999988,0.0,1.0,1.0
2016-02-08,wiki,0.9907823422668989,0.9999999999999936,0.0,1.0,1.0
2016-02-09,wiki,0.9907823422668812,0.9999999999999822,0.0,1.0,1.0
2016-02-10,wiki,0.9907823422668864,1.0000000000000053,0.0,1.0,1.0
2016-02-11,wiki,0.9907823422668883,1.000000000000002,0.0,1.0,1.0
2016-02-12,wiki,0.9907823422669039,1.0000000000000158,0.0,1.0,1.0
2016-02-16,wiki,0.9907823422668941,0.9999999999999901,0.0,1.0,1.0
2016-02-17,wiki,0.990782342266878,0.9999999999999838,0.0,1.0,1.0
2016-02-18,wiki,0.9907823422668794,1.0000000000000016,0.0,1.0,1.0
2016-02-19,wiki,0.990782342266882,1.0000000000000027,0.0,1.0,1.0
2016-02-22,wiki,0.9907823422669165,1.0000000000000349,0.0,1.0,1.0
2016-02-23,wiki,0.9907823422668798,0.9999999999999629,0.0,1.0,1.0
2016-02-24,wiki,0.9907823422668913,1.0000000000000115,0.0,1.0,1.0
2016-02-25,wiki,0.9907823422668862,0.9999999999999949,0.0,1.0,1.0
2016-02-26,wiki,0.9907823422669143,1.0000000000000284,0.0,1.0,1.0
2016-02-29,wiki,0.9907823422668824,0.9999999999999678,0.0,1.0,1.0
2016-03-01,wiki,0.9907823422669196,1.0000000000000375,0.0,1.0,1.0
2016-03-02,wiki,0.9907823422669,0.9999999999999801,0.0,1.0,1.0
2016-03-03,wiki,0.9907823422669219,1.000000000000022,0.0,1.0,1.0
2016-03-04,wiki,0.9907823422669041,0.9999999999999821,0.0,1.0,1.0
2016-03-07,wiki,0.9907823422669122,1.0000000000000082,0.0,1.0,1.0
2016-03-08,wiki,0.990782342266883,0.9999999999999706,0.0,1.0,1.0
2016-03-09,wiki,0.9907823422668981,1.0000000000000153,0.0,1.0,1.0
2016-03-10,wiki,0.9907823422668942,0.9999999999999961,0.0,1.0,1.0
2016-03-11,wiki,0.9907823422669186,1.0000000000000246,0.0,1.0,1.0
2016-03-14,wiki,0.9907823422669056,0.9999999999999869,0.0,1.0,1.0
2016-03-15,wiki,0.9907823422669199,1.0000000000000144,0.0,1.0,1.0
2016-03-16,wiki,0.9907823422669046,0.9999999999999847,0.0,1.0,1.0
2016-03-17,wiki,0.9907823422668807,0.9999999999999758,0.0,1.0,1.0
2016-03-18,wiki,0.9907823422668903,1.0000000000000098,0.0,1.0,1.0
2016-03-21,wiki,0.9907823422669044,1.0000000000000142,0.0,1.0,1.0
2016-03-22,wiki,0.990782342266879,0.9999999999999744,0.0,1.0,1.0
2016-03-23,wiki,0.9907823422669209,1.0000000000000422,0.0,1.0,1.0
2016-03-24,wiki,0.9907823422668933,0.9999999999999722,0.0,1.0,1.0
2016-03-28,wiki,0.9907823422669162,1.000000000000023,0.0,1.0,1.0
2016-03-29,wiki,0.9907823422669079,0.9999999999999916,0.0,1.0,1.0
2016-03-30,wiki,0.9907823422669012,0.9999999999999932,0.0,1.0,1.0
2016-03-31,wiki,0.9907823422669092,1.000000000000008,0.0,1.0,1.0
2016-04-01,wiki,0.9907823422669139,1.0000000000000047,0.0,1.0,1.0
2016-04-04,wiki,0.9907823422669182,1.0000000000000044,0.0,1.0,1.0
2016-04-05,wiki,0.9907823422669048,0.9999999999999865,0.0,1.0,1.0
2016-04-06,wiki,0.990782342266903,0.9999999999999982,0.0,1.0,1.0
2016-04-07,wiki,0.9907823422669114,1.0000000000000084,0.0,1.0,1.0
2016-04-08,wiki,0.9907823422669206,1.0000000000000093,0.0,1.0,1.0
2016-04-11,wiki,0.9907823422669086,0.9999999999999879,0.0,1.0,1.0
2016-04-12,wiki,0.9907823422668786,0.9999999999999696,0.0,1.0,1.0
2016-04-13,wiki,0.990782342266896,1.0000000000000175,0.0,1.0,1.0
2016-04-14,wiki,0.9907823422668781,0.999999999999982,0.0,1.0,1.0
2016-04-15,wiki,0.9907823422668901,1.0000000000000122,0.0,1.0,1.0
2016-04-18,wiki,0.9907823422668837,0.9999999999999934,0.0,1.0,1.0
2016-04-19,wiki,0.9907823422668934,1.0000000000000098,0.0,1.0,1.0
2016-04-20,wiki,0.990782342266887,0.9999999999999934,0.0,1.0,1.0
2016-04-21,wiki,0.9907823422668806,0.9999999999999934,0.0,1.0,1.0
2016-04-22,wiki,0.9907823422669062,1.000000000000026,0.0,1.0,1.0
2016-04-25,wiki,0.9907823422668955,0.9999999999999892,0.0,1.0,1.0
2016-04-26,wiki,0.990782342266908,1.0000000000000127,0.0,1.0,1.0
2016-04-27,wiki,0.9907823422669032,0.9999999999999952,0.0,1.0,1.0
2016-04-28,wiki,0.9907823422668987,0.9999999999999954,0.0,1.0,1.0
2016-04-29,wiki,0.9907823422668831,0.9999999999999843,0.0,1.0,1.0
2016-05-02,wiki,0.9907823422668869,1.0000000000000038,0.0,1.0,1.0
2016-05-03,wiki,0.9907823422668821,0.9999999999999952,0.0,1.0,1.0
2016-05-04,wiki,0.9907823422668991,1.000000000000017,0.0,1.0,1.0
2016-05-05,wiki,0.9907823422668797,0.9999999999999803,0.0,1.0,1.0
2016-05-06,wiki,0.9907823422668988,1.0000000000000193,0.0,1.0,1.0
2016-05-09,wiki,0.9907823422668961,0.9999999999999973,0.0,1.0,1.0
2016-05-10,wiki,0.9907823422668919,0.9999999999999958,0.0,1.0,1.0
2016-05-11,wiki,0.9907823422669111,1.0000000000000193,0.0,1.0,1.0
2016-05-12,wiki,0.990782342266924,1.000000000000013,0.0,1.0,1.0
2016-05-13,wiki,0.9907823422669049,0.9999999999999807,0.0,1.0,1.0
2016-05-16,wiki,0.9907823422669236,1.0000000000000189,0.0,1.0,1.0
2016-05-17,wiki,0.9907823422668849,0.9999999999999609,0.0,1.0,1.0
2016-05-18,wiki,0.9907823422668957,1.0000000000000109,0.0,1.0,1.0
2016-05-19,wiki,0.9907823422668905,0.9999999999999949,0.0,1.0,1.0
2016-05-20,wiki,0.990782342266896,1.0000000000000056,0.0,1.0,1.0
2016-05-23,wiki,0.9907823422669038,1.0000000000000078,0.0,1.0,1.0
2016-05-24,wiki,0.9907823422668829,0.9999999999999789,0.0,1.0,1.0
2016-05-25,wiki,0.9907823422669141,1.0000000000000315,0.0,1.0,1.0
2016-05-26,wiki,0.9907823422669181,1.000000000000004,0.0,1.0,1.0
2016-05-27,wiki,0.9907823422669023,0.9999999999999841,0.0,1.0,1.0
2016-05-31,wiki,0.9907823422668887,0.9999999999999862,0.0,1.0,1.0
2016-06-01,wiki,0.9907823422669122,1.0000000000000238,0.0,1.0,1.0
2016-06-02,wiki,0.9907823422669161,1.000000000000004,0.0,1.0,1.0
2016-06-03,wiki,0.9907823422669052,0.999999999999989,0.0,1.0,1.0
2016-06-06,wiki,0.9907823422669023,0.9999999999999971,0.0,1.0,1.0
2016-06-07,wiki,0.9907823422669207,1.0000000000000187,0.0,1.0,1.0
2016-06-08,wiki,0.990782342266902,0.999999999999981,0.0,1.0,1.0
2016-06-09,wiki,0.9907823422668792,0.999999999999977,0.0,1.0,1.0
2016-06-10,wiki,0.9907823422668831,1.000000000000004,0.0,1.0,1.0
2016-06-13,wiki,0.9907823422668952,1.0000000000000122,0.0,1.0,1.0
2016-06-14,wiki,0.9907823422669156,1.0000000000000207,0.0,1.0,1.0
2016-06-15,wiki,0.9907823422668911,0.9999999999999752,0.0,1.0,1.0
2016-06-16,wiki,0.9907823422669088,1.0000000000000178,0.0,1.0,1.0
2016-06-17,wiki,0.9907823422669144,1.0000000000000058,0.0,1.0,1.0
2016-06-20,wiki,0.9907823422668824,0.9999999999999677,0.0,1.0,1.0
2016-06-21,wiki,0.9907823422668868,1.0000000000000044,0.0,1.0,1.0
2016-06-22,wiki,0.9907823422669,1.0000000000000133,0.0,1.0,1.0
2016-06-23,wiki,0.9907823422669014,1.0000000000000016,0.0,1.0,1.0
2016-06-24,wiki,0.9907823422669049,1.0000000000000036,0.0,1.0,1.0
2016-06-27,wiki,0.9907823422668991,0.9999999999999942,0.0,1.0,1.0
2016-06-28,wiki,0.9907823422668834,0.9999999999999842,0.0,1.0,1.0
2016-06-29,wiki,0.9907823422668971,1.0000000000000138,0.0,1.0,1.0
2016-06-30,wiki,0.9907823422668948,0.9999999999999977,0.0,1.0,1.0
2016-07-01,wiki,0.9907823422669049,1.0000000000000102,0.0,1.0,1.0
2016-07-05,wiki,0.9907823422668836,0.9999999999999785,0.0,1.0,1.0
2016-07-06,wiki,0.9907823422669085,1.0000000000000253,0.0,1.0,1.0
2016-07-07,wiki,0.9907823422668965,0.9999999999999879,0.0,1.0,1.0
2016-07-08,wiki,0.9907823422669186,1.0000000000000222,0.0,1.0,1.0
2016-07-11,wiki,0.9907823422668853,0.9999999999999664,0.0,1.0,1.0
2016-07-12,wiki,0.9907823422669231,1.0000000000000382,0.0,1.0,1.0
2016-07-13,wiki,0.9907823422669149,0.9999999999999917,0.0,1.0,1.0
2016-07-14,wiki,0.9907823422669052,0.9999999999999902,0.0,1.0,1.0
2016-07-15,wiki,0.9907823422669231,1.000000000000018,0.0,1.0,1.0
2016-07-18,wiki,0.9907823422669191,0.999999999999996,0.0,1.0,1.0
2016-07-19,wiki,0.9907823422669185,0.9999999999999994,0.0,1.0,1.0
2016-07-20,wiki,0.9907823422669054,0.9999999999999868,0.0,1.0,1.0
2016-07-21,wiki,0.9907823422668997,0.9999999999999942,0.0,1.0,1.0
2016-07-22,wiki,0.9907823422669204,1.0000000000000209,0.0,1.0,1.0
2016-07-25,wiki,0.9907823422669069,0.9999999999999863,0.0,1.0,1.0
2016-07-26,wiki,0.99078234226691,1.000000000000003,0.0,1.0,1.0
2016-07-27,wiki,0.9907823422668866,0.9999999999999764,0.0,1.0,1.0
2016-07-28,wiki,0.9907823422668919,1.0000000000000053,0.0,1.0,1.0
2016-07-29,wiki,0.9907823422669026,1.0000000000000109,0.0,1.0,1.0
2016-08-01,wiki,0.9907823422669092,1.0000000000000067,0.0,1.0,1.0
2016-08-02,wiki,0.9907823422669032,0.9999999999999939,0.0,1.0,1.0
2016-08-03,wiki,0.9907823422669126,1.0000000000000095,0.0,1.0,1.0
2016-08-04,wiki,0.9907823422668947,0.9999999999999818,0.0,1.0,1.0
2016-08-05,wiki,0.9907823422668974,1.0000000000000029,0.0,1.0,1.0
2016-08-08,wiki,0.990782342266879,0.9999999999999813,0.0,1.0,1.0
2016-08-09,wiki,0.9907823422668783,0.9999999999999993,0.0,1.0,1.0
2016-08-10,wiki,0.9907823422668922,1.000000000000014,0.0,1.0,1.0
2016-08-11,wiki,0.990782342266891,0.9999999999999988,0.0,1.0,1.0
2016-08-12,wiki,0.990782342266904,1.000000000000013,0.0,1.0,1.0
2016-08-15,wiki,0.9907823422668899,0.9999999999999858,0.0,1.0,1.0
2016-08-16,wiki,0.990782342266887,0.9999999999999971,0.0,1.0,1.0
2016-08-17,wiki,0.990782342266899,1.0000000000000122,0.0,1.0,1.0
2016-08-18,wiki,0.9907823422669172,1.0000000000000184,0.0,1.0,1.0
2016-08-19,wiki,0.9907823422669132,0.999999999999996,0.0,1.0,1.0
2016-08-22,wiki,0.9907823422668794,0.9999999999999659,0.0,1.0,1.0
2016-08-23,wiki,0.9907823422669081,1.0000000000000289,0.0,1.0,1.0
2016-08-24,wiki,0.9907823422669256,1.0000000000000178,0.0,1.0,1.0
2016-08-25,wiki,0.9907823422669194,0.9999999999999937,0.0,1.0,1.0
2016-08-26,wiki,0.9907823422669015,0.999999999999982,0.0,1.0,1.0
2016-08-29,wiki,0.990782342266888,0.9999999999999863,0.0,1.0,1.0
2016-08-30,wiki,0.9907823422669159,1.0000000000000282,0.0,1.0,1.0
2016-08-31,wiki,0.9907823422668882,0.9999999999999721,0.0,1.0,1.0
2016-09-01,wiki,0.9907823422669013,1.0000000000000133,0.0,1.0,1.0
2016-09-02,wiki,0.9907823422668889,0.9999999999999875,0.0,1.0,1.0
2016-09-06,wiki,0.990782342266895,1.0000000000000062,0.0,1.0,1.0
2016-09-07,wiki,0.9907823422668985,1.0000000000000036,0.0,1.0,1.0
2016-09-08,wiki,0.9907823422669153,1.0000000000000169,0.0,1.0,1.0
2016-09-09,wiki,0.9907823422668935,0.999999999999978,0.0,1.0,1.0
2016-09-12,wiki,0.9907823422668944,1.0000000000000009,0.0,1.0,1.0
2016-09-13,wiki,0.9907823422669041,1.0000000000000098,0.0,1.0,1.0
2016-09-14,wiki,0.9907823422669199,1.000000000000016,0.0,1.0,1.0
2016-09-15,wiki,0.9907823422668988,0.9999999999999787,0.0,1.0,1.0
2016-09-16,wiki,0.9907823422668781,0.9999999999999791,0.0,1.0,1.0
2016-09-19,wiki,0.990782342266895,1.000000000000017,0.0,1.0,1.0
2016-09-20,wiki,0.990782342266913,1.0000000000000182,0.0,1.0,1.0
2016-09-21,wiki,0.9907823422668923,0.9999999999999791,0.0,1.0,1.0
2016-09-22,wiki,0.990782342266899,1.0000000000000067,0.0,1.0,1.0
2016-09-23,wiki,0.9907823422668786,0.9999999999999793,0.0,1.0,1.0
2016-09-26,wiki,0.9907823422668843,1.0000000000000058,0.0,1.0,1.0
2016-09-27,wiki,0.9907823422669227,1.0000000000000389,0.0,1.0,1.0
2016-09-28,wiki,0.9907823422668877,0.9999999999999646,0.0,1.0,1.0
2016-09-29,wiki,0.9907823422669172,1.0000000000000298,0.0,1.0,1.0
2016-09-30,wiki,0.990782342266909,0.9999999999999917,0.0,1.0,1.0
2016-10-03,wiki,0.9907823422668971,0.999999999999988,0.0,1.0,1.0
2016-10-04,wiki,0.9907823422668891,0.9999999999999919,0.0,1.0,1.0
2016-10-05,wiki,0.9907823422669225,1.0000000000000338,0.0,1.0,1.0
2016-10-06,wiki,0.9907823422669002,0.9999999999999775,0.0,1.0,1.0
2016-10-07,wiki,0.9907823422668836,0.9999999999999832,0.0,1.0,1.0
2016-10-10,wiki,0.9907823422668838,1.0000000000000002,0.0,1.0,1.0
2016-10-11,wiki,0.9907823422668908,1.000000000000007,0.0,1.0,1.0
2016-10-12,wiki,0.9907823422669131,1.0000000000000224,0.0,1.0,1.0
2016-10-13,wiki,0.9907823422669213,1.0000000000000082,0.0,1.0,1.0
2016-10-14,wiki,0.9907823422669114,0.99999999999999,0.0,1.0,1.0
2016-10-17,wiki,0.9907823422668928,0.9999999999999811,0.0,1.0,1.0
2016-10-18,wiki,0.9907823422668782,0.9999999999999853,0.0,1.0,1.0
2016-10-19,wiki,0.9907823422668777,0.9999999999999994,0.0,1.0,1.0
2016-10-20,wiki,0.9907823422668847,1.000000000000007,0.0,1.0,1.0
2016-10-21,wiki,0.9907823422669169,1.0000000000000324,0.0,1.0,1.0
2016-10-24,wiki,0.9907823422668894,0.9999999999999724,0.0,1.0,1.0
2016-10-25,wiki,0.9907823422668955,1.0000000000000062,0.0,1.0,1.0
2016-10-26,wiki,0.9907823422669065,1.000000000000011,0.0,1.0,1.0
2016-10-27,wiki,0.9907823422668839,0.9999999999999771,0.0,1.0,1.0
2016-10-28,wiki,0.990782342266889,1.000000000000005,0.0,1.0,1.0
2016-10-31,wiki,0.9907823422668851,0.9999999999999961,0.0,1.0,1.0
2016-11-01,wiki,0.9933361581585208,1.0025775750966581,0.52,1.0,1.0
2016-11-02,wiki,0.9933361581585262,1.0000000000000053,0.0,1.0,1.0
2016-11-03,wiki,0.9933361581585602,1.0000000000000344,0.0,1.0,1.0
2016-11-04,wiki,0.9933361581585585,0.9999999999999982,0.0,1.0,1.0
2016-11-07,wiki,0.9933361581585456,0.999999999999987,0.0,1.0,1.0
2016-11-08,wiki,0.9933361581585214,0.9999999999999757,0.0,1.0,1.0
2016-11-09,wiki,0.9933361581585473,1.000000000000026,0.0,1.0,1.0
2016-11-10,wiki,0.9933361581585396,0.9999999999999923,0.0,1.0,1.0
2016-11-11,wiki,0.9933361581585585,1.000000000000019,0.0,1.0,1.0
2016-11-14,wiki,0.9933361581585388,0.9999999999999802,0.0,1.0,1.0
2016-11-15,wiki,0.9933361581585134,0.9999999999999744,0.0,1.0,1.0
2016-11-16,wiki,0.993336158158559,1.000000000000046,0.0,1.0,1.0
2016-11-17,wiki,0.9933361581585382,0.999999999999979,0.0,1.0,1.0
2016-11-18,wiki,0.9933361581585478,1.0000000000000098,0.0,1.0,1.0
2016-11-21,wiki,0.9933361581585323,0.9999999999999843,0.0,1.0,1.0
2016-11-22,wiki,0.9933361581585449,1.0000000000000127,0.0,1.0,1.0
2016-11-23,wiki,0.9933361581585194,0.9999999999999742,0.0,1.0,1.0
2016-11-25,wiki,0.9933361581585496,1.0000000000000304,0.0,1.0,1.0
2016-11-28,wiki,0.9933361581585503,1.0000000000000007,0.0,1.0,1.0
2016-11-29,wiki,0.9933361581585413,0.9999999999999909,0.0,1.0,1.0
2016-11-30,wiki,0.9933361581585366,0.9999999999999953,0.0,1.0,1.0
2016-12-01,wiki,0.9933361581585589,1.0000000000000224,0.0,1.0,1.0
2016-12-02,wiki,0.9933361581585204,0.9999999999999613,0.0,1.0,1.0
2016-12-05,wiki,0.9933361581585568,1.0000000000000366,0.0,1.0,1.0
2016-12-06,wiki,0.9933361581585226,0.9999999999999656,0.0,1.0,1.0
2016-12-07,wiki,0.9933361581585438,1.0000000000000213,0.0,1.0,1.0
2016-12-08,wiki,0.9933361581585443,1.0000000000000004,0.0,1.0,1.0
2016-12-09,wiki,0.9933361581585272,0.9999999999999828,0.0,1.0,1.0
2016-12-12,wiki,0.9933361581585429,1.0000000000000158,0.0,1.0,1.0
2016-12-13,wiki,0.9933361581585439,1.000000000000001,0.0,1.0,1.0
2016-12-14,wiki,0.9933361581585286,0.9999999999999846,0.0,1.0,1.0
2016-12-15,wiki,0.9933361581585272,0.9999999999999986,0.0,1.0,1.0
2016-12-16,wiki,0.9933361581585456,1.0000000000000187,0.0,1.0,1.0
2016-12-19,wiki,0.9933361581585556,1.00000000000001,0.0,1.0,1.0
2016-12-20,wiki,0.9933361581585545,0.9999999999999989,0.0,1.0,1.0
2016-12-21,wiki,0.9933361581585501,0.9999999999999957,0.0,1.0,1.0
2016-12-22,wiki,0.9933361581585513,1.000000000000001,0.0,1.0,1.0
2016-12-23,wiki,0.9933361581585346,0.9999999999999832,0.0,1.0,1.0
2016-12-27,wiki,0.9933361581585297,0.9999999999999951,0.0,1.0,1.0
2016-12-28,wiki,0.993336158158551,1.0000000000000215,0.0,1.0,1.0
2016-12-29,wiki,0.993336158158517,0.9999999999999657,0.0,1.0,1.0
2016-12-30,wiki,0.9933361581585558,1.000000000000039,0.0,1.0,1.0
2017-01-03,wiki,0.993336158158534,0.9999999999999781,0.0,1.0,1.0
2017-01-04,wiki,0.9933361581585499,1.000000000000016,0.0,1.0,1.0
2017-01-05,wiki,0.9933361581585531,1.0000000000000033,0.0,1.0,1.0
2017-01-06,wiki,0.9933361581585562,1.000000000000003,0.0,1.0,1.0
2017-01-09,wiki,0.9933361581585504,0.9999999999999941,0.0,1.0,1.0
2017-01-10,wiki,0.993336158158548,0.9999999999999977,0.0,1.0,1.0
2017-01-11,wiki,0.9933361581585252,0.999999999999977,0.0,1.0,1.0
2017-01-12,wiki,0.9933361581585267,1.0000000000000016,0.0,1.0,1.0
2017-01-13,wiki,0.993336158158535,1.0000000000000084,0.0,1.0,1.0
2017-01-17,wiki,0.9933361581585217,0.9999999999999866,0.0,1.0,1.0
2017-01-18,wiki,0.9933361581585355,1.0000000000000138,0.0,1.0,1.0
2017-01-19,wiki,0.993336158158544,1.0000000000000087,0.0,1.0,1.0
2017-01-20,wiki,0.9933361581585338,0.9999999999999897,0.0,1.0,1.0
2017-01-23,wiki,0.993336158158521,0.9999999999999871,0.0,1.0,1.0
2017-01-24,wiki,0.9933361581585253,1.0000000000000042,0.0,1.0,1.0
2017-01-25,wiki,0.9933361581585409,1.0000000000000158,0.0,1.0,1.0
2017-01-26,wiki,0.9933361581585476,1.0000000000000067,0.0,1.0,1.0
2017-01-27,wiki,0.9933361581585339,0.9999999999999862,0.0,1.0,1.0
2017-01-30,wiki,0.9933361581585589,1.000000000000025,0.0,1.0,1.0
2017-01-31,wiki,0.9933361581585515,0.9999999999999926,0.0,1.0,1.0
2017-02-01,wiki,0.9933361581585574,1.000000000000006,0.0,1.0,1.0
2017-02-02,wiki,0.9933361581585539,0.9999999999999966,0.0,1.0,1.0
2017-02-03,wiki,0.993336158158543,0.999999999999989,0.0,1.0,1.0
2017-02-06,wiki,0.9933361581585499,1.0000000000000069,0.0,1.0,1.0
2017-02-07,wiki,0.9933361581585446,0.9999999999999947,0.0,1.0,1.0
2017-02-08,wiki,0.9933361581585312,0.9999999999999865,0.0,1.0,1.0
2017-02-09,wiki,0.9933361581585463,1.000000000000015,0.0,1.0,1.0
2017-02-10,wiki,0.9933361581585253,0.9999999999999789,0.0,1.0,1.0
2017-02-13,wiki,0.9956035511713269,1.0022826039243402,0.52,1.0,1.0
2017-02-14,wiki,0.995603551171324,0.9999999999999971,0.0,1.0,1.0
2017-02-15,wiki,0.9956035511713146,0.9999999999999906,0.0,1.0,1.0
2017-02-16,wiki,0.9956035511713409,1.0000000000000264,0.0,1.0,1.0
2017-02-17,wiki,0.9956035511713326,0.9999999999999917,0.0,1.0,1.0
2017-02-21,wiki,0.9956035511713021,0.9999999999999694,0.0,1.0,1.0
2017-02-22,wiki,0.9956035511713011,0.999999999999999,0.0,1.0,1.0
2017-02-23,wiki,0.9956035511713144,1.0000000000000133,0.0,1.0,1.0
2017-02-24,wiki,0.9956035511713165,1.0000000000000022,0.0,1.0,1.0
2017-02-27,wiki,0.9956035511713336,1.000000000000017,0.0,1.0,1.0
2017-02-28,wiki,0.995603551171331,0.9999999999999974,0.0,1.0,1.0
2017-03-01,wiki,0.9956035511713108,0.9999999999999797,0.0,1.0,1.0
2017-03-02,wiki,0.9956035511713126,1.0000000000000018,0.0,1.0,1.0
2017-03-03,wiki,0.9956035511713199,1.0000000000000073,0.0,1.0,1.0
2017-03-06,wiki,0.995603551171318,0.9999999999999981,0.0,1.0,1.0
2017-03-07,wiki,0.9956035511713119,0.9999999999999939,0.0,1.0,1.0
2017-03-08,wiki,0.9956035511713311,1.0000000000000193,0.0,1.0,1.0
2017-03-09,wiki,0.9956035511713387,1.0000000000000075,0.0,1.0,1.0
2017-03-10,wiki,0.9956035511713135,0.9999999999999747,0.0,1.0,1.0
2017-03-13,wiki,0.995603551171334,1.0000000000000207,0.0,1.0,1.0
2017-03-14,wiki,0.995603551171303,0.9999999999999688,0.0,1.0,1.0
2017-03-15,wiki,0.9956035511713297,1.0000000000000269,0.0,1.0,1.0
2017-03-16,wiki,0.9956035511713247,0.999999999999995,0.0,1.0,1.0
2017-03-17,wiki,0.99560355117134,1.0000000000000153,0.0,1.0,1.0
2017-03-20,wiki,0.9956035511713421,1.0000000000000022,0.0,1.0,1.0
2017-03-21,wiki,0.9956035511713403,0.9999999999999981,0.0,1.0,1.0
2017-03-22,wiki,0.9956035511713373,0.999999999999997,0.0,1.0,1.0
2017-03-23,wiki,0.9956035511713323,0.999999999999995,0.0,1.0,1.0
2017-03-24,wiki,0.995603551171336,1.0000000000000038,0.0,1.0,1.0
2017-03-27,wiki,0.9956035511713018,0.9999999999999657,0.0,1.0,1.0
2017-03-28,wiki,0.9956035511713118,1.00000000000001,0.0,1.0,1.0
2017-03-29,wiki,0.9956035511713202,1.0000000000000084,0.0,1.0,1.0
2017-03-30,wiki,0.9956035511713275,1.0000000000000073,0.0,1.0,1.0
2017-03-31,wiki,0.9956035511713254,0.9999999999999979,0.0,1.0,1.0
2017-04-03,wiki,0.9956035511713338,1.0000000000000084,0.0,1.0,1.0
2017-04-04,wiki,0.9956035511713353,1.0000000000000016,0.0,1.0,1.0
2017-04-05,wiki,0.995603551171302,0.9999999999999666,0.0,1.0,1.0
2017-04-06,wiki,0.9956035511713371,1.0000000000000353,0.0,1.0,1.0
2017-04-07,wiki,0.9956035511713274,0.9999999999999902,0.0,1.0,1.0
2017-04-10,wiki,0.9956035511713236,0.9999999999999962,0.0,1.0,1.0
2017-04-11,wiki,0.9956035511713098,0.9999999999999861,0.0,1.0,1.0
2017-04-12,wiki,0.9956035511713269,1.000000000000017,0.0,1.0,1.0
2017-04-13,wiki,0.9956035511713422,1.0000000000000153,0.0,1.0,1.0
2017-04-17,wiki,0.9956035511713136,0.9999999999999712,0.0,1.0,1.0
2017-04-18,wiki,0.9956035511713025,0.9999999999999889,0.0,1.0,1.0
2017-04-19,wiki,0.9956035511713348,1.0000000000000324,0.0,1.0,1.0
2017-04-20,wiki,0.9956035511713223,0.9999999999999875,0.0,1.0,1.0
2017-04-21,wiki,0.9956035511713228,1.0000000000000007,0.0,1.0,1.0
2017-04-24,wiki,0.9956035511713114,0.9999999999999886,0.0,1.0,1.0
2017-04-25,wiki,0.9956035511713363,1.0000000000000249,0.0,1.0,1.0
2017-04-26,wiki,0.995603551171311,0.9999999999999747,0.0,1.0,1.0
2017-04-27,wiki,0.9956035511713364,1.0000000000000255,0.0,1.0,1.0
2017-04-28,wiki,0.9956035511713336,0.9999999999999972,0.0,1.0,1.0
2017-05-01,wiki,0.9956035511713351,1.0000000000000016,0.0,1.0,1.0
2017-05-02,wiki,0.9956035511713168,0.9999999999999816,0.0,1.0,1.0
2017-05-03,wiki,0.9956035511713139,0.9999999999999971,0.0,1.0,1.0
2017-05-04,wiki,0.9956035511713182,1.0000000000000042,0.0,1.0,1.0
2017-05-05,wiki,0.9956035511713178,0.9999999999999997,0.0,1.0,1.0
2017-05-08,wiki,0.9956035511713165,0.9999999999999987,0.0,1.0,1.0
2017-05-09,wiki,0.9956035511713232,1.0000000000000067,0.0,1.0,1.0
2017-05-10,wiki,0.9956035511713336,1.0000000000000104,0.0,1.0,1.0
2017-05-11,wiki,0.9976653347101951,1.0020708880923896,0.52,1.0,1.0
2017-05-12,wiki,0.9976653347101901,0.999999999999995,0.0,1.0,1.0
2017-05-15,wiki,0.9976653347101899,0.9999999999999998,0.0,1.0,1.0
2017-05-16,wiki,0.9976653347101935,1.0000000000000036,0.0,1.0,1.0
2017-05-17,wiki,0.9976653347101894,0.9999999999999959,0.0,1.0,1.0
2017-05-18,wiki,0.9976653347101765,0.9999999999999871,0.0,1.0,1.0
2017-05-19,wiki,0.9976653347101672,0.9999999999999907,0.0,1.0,1.0
2017-05-22,wiki,0.9976653347102027,1.0000000000000355,0.0,1.0,1.0
2017-05-23,wiki,0.9976653347101732,0.9999999999999704,0.0,1.0,1.0
2017-05-24,wiki,0.9976653347101931,1.00000000000002,0.0,1.0,1.0
2017-05-25,wiki,0.9976653347102027,1.0000000000000095,0.0,1.0,1.0
2017-05-26,wiki,0.9976653347101706,0.9999999999999678,0.0,1.0,1.0
2017-05-30,wiki,0.9976653347101796,1.000000000000009,0.0,1.0,1.0
2017-05-31,wiki,0.9976653347101979,1.0000000000000184,0.0,1.0,1.0
2017-06-01,wiki,0.9976653347102007,1.0000000000000029,0.0,1.0,1.0
2017-06-02,wiki,0.9976653347101833,0.9999999999999826,0.0,1.0,1.0
2017-06-05,wiki,0.9976653347102026,1.0000000000000193,0.0,1.0,1.0
2017-06-06,wiki,0.997665334710189,0.9999999999999865,0.0,1.0,1.0
2017-06-07,wiki,0.9976653347101662,0.9999999999999771,0.0,1.0,1.0
2017-06-08,wiki,0.9976653347101774,1.0000000000000113,0.0,1.0,1.0
2017-06-09,wiki,0.9976653347101839,1.0000000000000067,0.0,1.0,1.0
2017-06-12,wiki,0.9976653347101764,0.9999999999999925,0.0,1.0,1.0
2017-06-13,wiki,0.997665334710179,1.0000000000000027,0.0,1.0,1.0
2017-06-14,wiki,0.9976653347102051,1.0000000000000262,0.0,1.0,1.0
2017-06-15,wiki,0.9976653347102064,1.0000000000000013,0.0,1.0,1.0
2017-06-16,wiki,0.9976653347102,0.9999999999999937,0.0,1.0,1.0
2017-06-19,wiki,0.9976653347101898,0.9999999999999898,0.0,1.0,1.0
2017-06-20,wiki,0.9976653347101897,0.9999999999999999,0.0,1.0,1.0
2017-06-21,wiki,0.9976653347102031,1.0000000000000135,0.0,1.0,1.0
2017-06-22,wiki,0.9976653347101706,0.9999999999999674,0.0,1.0,1.0
2017-06-23,wiki,0.997665334710201,1.0000000000000304,0.0,1.0,1.0
2017-06-26,wiki,0.997665334710168,0.9999999999999669,0.0,1.0,1.0
2017-06-27,wiki,0.9976653347101863,1.0000000000000182,0.0,1.0,1.0
2017-06-28,wiki,0.9976653347102055,1.0000000000000193,0.0,1.0,1.0
2017-06-29,wiki,0.9976653347101735,0.9999999999999679,0.0,1.0,1.0
2017-06-30,wiki,0.9976653347101953,1.0000000000000218,0.0,1.0,1.0
2017-07-03,wiki,0.9976653347101809,0.9999999999999857,0.0,1.0,1.0
2017-07-05,wiki,0.9976653347101976,1.0000000000000167,0.0,1.0,1.0
2017-07-06,wiki,0.9976653347101796,0.999999999999982,0.0,1.0,1.0
2017-07-07,wiki,0.9976653347101924,1.0000000000000129,0.0,1.0,1.0
2017-07-10,wiki,0.9976653347102014,1.000000000000009,0.0,1.0,1.0
2017-07-11,wiki,0.9976653347102036,1.0000000000000022,0.0,1.0,1.0
2017-07-12,wiki,0.9976653347101857,0.9999999999999821,0.0,1.0,1.0
2017-07-13,wiki,0.9976653347101712,0.9999999999999855,0.0,1.0,1.0
2017-07-14,wiki,0.9976653347101916,1.0000000000000204,0.0,1.0,1.0
2017-07-17,wiki,0.9976653347101919,1.0000000000000004,0.0,1.0,1.0
2017-07-18,wiki,0.9976653347101908,0.9999999999999989,0.0,1.0,1.0
2017-07-19,wiki,0.9976653347102039,1.000000000000013,0.0,1.0,1.0
2017-07-20,wiki,0.9976653347101668,0.9999999999999628,0.0,1.0,1.0
2017-07-21,wiki,0.997665334710197,1.0000000000000302,0.0,1.0,1.0
2017-07-24,wiki,0.9976653347101812,0.9999999999999841,0.0,1.0,1.0
2017-07-25,wiki,0.9976653347101665,0.9999999999999853,0.0,1.0,1.0
2017-07-26,wiki,0.9976653347101693,1.0000000000000029,0.0,1.0,1.0
2017-07-27,wiki,0.9976653347101907,1.0000000000000215,0.0,1.0,1.0
2017-07-28,wiki,0.9976653347101846,0.9999999999999939,0.0,1.0,1.0
2017-07-31,wiki,0.9976653347101851,1.0000000000000007,0.0,1.0,1.0
2017-08-01,wiki,0.9976653347101764,0.9999999999999912,0.0,1.0,1.0
2017-08-02,wiki,0.997665334710198,1.0000000000000218,0.0,1.0,1.0
2017-08-03,wiki,0.9976653347101962,0.9999999999999982,0.0,1.0,1.0
2017-08-04,wiki,0.9976653347102019,1.0000000000000058,0.0,1.0,1.0
2017-08-07,wiki,0.9976653347101729,0.9999999999999709,0.0,1.0,1.0
2017-08-08,wiki,0.997665334710172,0.9999999999999991,0.0,1.0,1.0
2017-08-09,wiki,0.9976653347102048,1.0000000000000329,0.0,1.0,1.0
2017-08-10,wiki,1.0,1.0023401287070612,0.52,1.0,1.0
2017-08-11,wiki,1.0,1.0,0.0,1.0,1.0
2017-08-14,wiki,1.0,1.0,0.0,1.0,1.0
2017-08-15,wiki,1.0,1.0,0.0,1.0,1.0
2017-08-16,wiki,1.0,1.0,0.0,1.0,1.0
2017-08-17,wiki,1.0,1.0,0.0,1.0,1.0
2017-08-18,wiki,1.0,1.0,0.0,1.0,1.0
2017-08-21,wiki,1.0,1.0,0.0,1.0,1.0
2017-08-22,wiki,1.0,1.0,0.0,1.0,1.0
2017-08-23,wiki,1.0,1.0,0.0,1.0,1.0
2017-08-24,wiki,1.0,1.0,0.0,1.0,1.0
2017-08-25,wiki,1.0,1.0,0.0,1.0,1.0
2017-08-28,wiki,1.0,1.0,0.0,1.0,1.0
2017-08-29,wiki,1.0,1.0,0.0,1.0,1.0
2017-08-30,wiki,1.0,1.0,0.0,1.0,1.0
2017-08-31,wiki,1.0,1.0,0.0,1.0,1.0
2017-09-01,wiki,1.0,1.0,0.0,1.0,1.0
2017-09-05,wiki,1.0,1.0,0.0,1.0,1.0
2017-09-06,wiki,1.0,1.0,0.0,1.0,1.0
2017-09-07,wiki,1.0,1.0,0.0,1.0,1.0
2017-09-08,wiki,1.0,1.0,0.0,1.0,1.0
2017-09-11,wiki,1.0,1.0,0.0,1.0,1.0
2017-09-12,wiki,1.0,1.0,0.0,1.0,1.0
2017-09-13,wiki,1.0,1.0,0.0,1.0,1.0
2017-09-14,wiki,1.0,1.0,0.0,1.0,1.0
2017-09-15,wiki,1.0,1.0,0.0,1.0,1.0
2017-09-18,wiki,1.0,1.0,0.0,1.0,1.0
2017-09-19,wiki,1.0,1.0,0.0,1.0,1.0
2017-09-20,wiki,1.0,1.0,0.0,1.0,1.0
2017-09-21,wiki,1.0,1.0,0.0,1.0,1.0
2017-09-22,wiki,1.0,1.0,0.0,1.0,1.0
2017-09-25,wiki,1.0,1.0,0.0,1.0,1.0
2017-09-26,wiki,1.0,1.0,0.0,1.0,1.0
2017-09-27,wiki,1.0,1.0,0.0,1.0,1.0
2017-09-28,wiki,1.0,1.0,0.0,1.0,1.0
2017-09-29,wiki,1.0,1.0,0.0,1.0,1.0
2017-10-02,wiki,1.0,1.0,0.0,1.0,1.0
2017-10-03,wiki,1.0,1.0,0.0,1.0,1.0
2017-10-04,wiki,1.0,1.0,0.0,1.0,1.0
2017-10-05,wiki,1.0,1.0,0.0,1.0,1.0
2017-10-06,wiki,1.0,1.0,0.0,1.0,1.0
2017-10-09,wiki,1.0,1.0,0.0,1.0,1.0
2017-10-10,wiki,1.0,1.0,0.0,1.0,1.0
2017-10-11,wiki,1.0,1.0,0.0,1.0,1.0
2017-10-12,wiki,1.0,1.0,0.0,1.0,1.0
2017-10-13,wiki,1.0,1.0,0.0,1.0,1.0
2017-10-16,wiki,1.0,1.0,0.0,1.0,1.0
2017-10-17,wiki,1.0,1.0,0.0,1.0,1.0
2017-10-18,wiki,1.0,1.0,0.0,1.0,1.0
2017-10-19,wiki,1.0,1.0,0.0,1.0,1.0
2017-10-20,wiki,1.0,1.0,0.0,1.0,1.0
2017-10-23,wiki,1.0,1.0,0.0,1.0,1.0
2017-10-24,wiki,1.0,1.0,0.0,1.0,1.0
2017-10-25,wiki,1.0,1.0,0.0,1.0,1.0
2017-10-26,wiki,1.0,1.0,0.0,1.0,1.0
2017-10-27,wiki,1.0,1.0,0.0,1.0,1.0
2017-10-30,wiki,1.0,1.0,0.0,1.0,1.0
2017-10-31,wiki,1.0,1.0,0.0,1.0,1.0
2017-11-01,wiki,1.0,1.0,0.0,1.0,1.0
2017-11-02,wiki,1.0,1.0,0.0,1.0,1.0
2017-11-03,wiki,1.0,1.0,0.0,1.0,1.0
2017-11-06,wiki,1.0,1.0,0.0,1.0,1.0
2017-11-07,wiki,1.0,1.0,0.0,1.0,1.0
2017-11-09,wiki,1.0,1.0,0.0,1.0,1.0
2017-11-10,wiki,1.0,1.0,0.0,1.0,1.0
2017-11-13,wiki,1.0,1.0,0.0,1.0,1.0
2017-11-14,wiki,1.0,1.0,0.0,1.0,1.0
2017-11-15,wiki,1.0,1.0,0.0,1.0,1.0
2017-11-16,wiki,1.0,1.0,0.0,1.0,1.0
2017-11-17,wiki,1.0,1.0,0.0,1.0,1.0
2017-11-20,wiki,1.0,1.0,0.0,1.0,1.0
2017-11-21,wiki,1.0,1.0,0.0,1.0,1.0
2017-11-22,wiki,1.0,1.0,0.0,1.0,1.0
2017-11-24,wiki,1.0,1.0,0.0,1.0,1.0
2017-11-27,wiki,1.0,1.0,0.0,1.0,1.0
2017-11-28,wiki,1.0,1.0,0.0,1.0,1.0
2017-11-29,wiki,1.0,1.0,0.0,1.0,1.0
2017-11-30,wiki,1.0,1.0,0.0,1.0,1.0
2017-12-01,wiki,1.0,1.0,0.0,1.0,1.0
2017-12-04,wiki,1.0,1.0,0.0,1.0,1.0
2017-12-05,wiki,1.0,1.0,0.0,1.0,1.0
2017-12-06,wiki,1.0,1.0,0.0,1.0,1.0
2017-12-07,wiki,1.0,1.0,0.0,1.0,1.0
2017-12-08,wiki,1.0,1.0,0.0,1.0,1.0
2017-12-11,wiki,1.0,1.0,0.0,1.0,1.0
2017-12-12,wiki,1.0,1.0,0.0,1.0,1.0
2017-12-13,wiki,1.0,1.0,0.0,1.0,1.0
2017-12-14,wiki,1.0,1.0,0.0,1.0,1.0
2017-12-15,wiki,1.0,1.0,0.0,1.0,1.0
2017-12-18,wiki,1.0,1.0,0.0,1.0,1.0
2017-12-19,wiki,1.0,1.0,0.0,1.0,1.0
2017-12-20,wiki,1.0,1.0,0.0,1.0,1.0
2017-12-21,wiki,1.0,1.0,0.0,1.0,1.0
2017-12-22,wiki,1.0,1.0,0.0,1.0,1.0
2017-12-26,wiki,1.0,1.0,0.0,1.0,1.0
2017-12-27,wiki,1.0,1.0,0.0,1.0,1.0
2017-12-28,wiki,1.0,1.0,0.0,1.0,1.0
2017-12-29,wiki,1.0,1.0,0.0,1.0,1.0
2018-01-02,wiki,1.0,1.0,0.0,1.0,1.0
2018-01-03,wiki,1.0,1.0,0.0,1.0,1.0
2018-01-04,wiki,1.0,1.0,0.0,1.0,1.0
2018-01-05,wiki,1.0,1.0,0.0,1.0,1.0
2018-01-08,wiki,1.0,1.0,0.0,1.0,1.0
2018-01-09,wiki,1.0,1.0,0.0,1.0,1.0
2018-01-10,wiki,1.0,1.0,0.0,1.0,1.0
2018-01-11,wiki,1.0,1.0,0.0,1.0,1.0
2018-01-12,wiki,1.0,1.0,0.0,1.0,1.0
2018-01-16,wiki,1.0,1.0,0.0,1.0,1.0
2018-01-17,wiki,1.0,1.0,0.0,1.0,1.0
2018-01-18,wiki,1.0,1.0,0.0,1.0,1.0
2018-01-19,wiki,1.0,1.0,0.0,1.0,1.0
2018-01-22,wiki,1.0,1.0,0.0,1.0,1.0
2018-01-23,wiki,1.0,1.0,0.0,1.0,1.0
2018-01-24,wiki,1.0,1.0,0.0,1.0,1.0
2018-01-25,wiki,1.0,1.0,0.0,1.0,1.0
2018-01-26,wiki,1.0,1.0,0.0,1.0,1.0
2018-01-29,wiki,1.0,1.0,0.0,1.0,1.0
2018-01-30,wiki,1.0,1.0,0.0,1.0,1.0
2018-01-31,wiki,1.0,1.0,0.0,1.0,1.0
2018-02-01,wiki,1.0,1.0,0.0,1.0,1.0
2018-02-02,wiki,1.0,1.0,0.0,1.0,1.0
2018-02-05,wiki,1.0,1.0,0.0,1.0,1.0
2018-02-06,wiki,1.0,1.0,0.0,1.0,1.0
2018-02-07,wiki,1.0,1.0,0.0,1.0,1.0
2018-02-08,wiki,1.0,1.0,0.0,1.0,1.0
2018-02-09,wiki,1.0,1.0,0.0,1.0,1.0
2018-02-12,wiki,1.0,1.0,0.0,1.0,1.0
2018-02-13,wiki,1.0,1.0,0.0,1.0,1.0
2018-02-14,wiki,1.0,1.0,0.0,1.0,1.0
2018-02-15,wiki,1.0,1.0,0.0,1.0,1.0
2018-02-16,wiki,1.0,1.0,0.0,1.0,1.0
2018-02-20,wiki,1.0,1.0,0.0,1.0,1.0
2018-02-21,wiki,1.0,1.0,0.0,1.0,1.0
2018-02-22,wiki,1.0,1.0,0.0,1.0,1.0
2018-02-23,wiki,1.0,1.0,0.0,1.0,1.0
2018-02-26,wiki,1.0,1.0,0.0,1.0,1.0
2018-02-27,wiki,1.0,1.0,0.0,1.0,1.0
2018-02-28,wiki,1.0,1.0,0.0,1.0,1.0
2018-03-01,wiki,1.0,1.0,0.0,1.0,1.0
2018-03-02,wiki,1.0,1.0,0.0,1.0,1.0
2018-03-05,wiki,1.0,1.0,0.0,1.0,1.0
2018-03-06,wiki,1.0,1.0,0.0,1.0,1.0
2018-03-07,wiki,1.0,1.0,0.0,1.0,1.0
2018-03-08,wiki,1.0,1.0,0.0,1.0,1.0
2018-03-09,wiki,1.0,1.0,0.0,1.0,1.0
2018-03-12,wiki,1.0,1.0,0.0,1.0,1.0
2018-03-13,wiki,1.0,1.0,0.0,1.0,1.0
2018-03-14,wiki,1.0,1.0,0.0,1.0,1.0
2018-03-15,wiki,1.0,1.0,0.0,1.0,1.0
2018-03-16,wiki,1.0,1.0,0.0,1.0,1.0
2018-03-19,wiki,1.0,1.0,0.0,1.0,1.0
2018-03-20,wiki,1.0,1.0,0.0,1.0,1.0
2018-03-21,wiki,1.0,1.0,0.0,1.0,1.0
2018-03-22,wiki,1.0,1.0,0.0,1.0,1.0
2018-03-23,wiki,1.0,1.0,0.0,1.0,1.0
2018-03-26,wiki,1.0,1.0,0.0,1.0,1.0
2018-03-27,wiki,1.0,1.0,0.0,1.0,1.0
