date,wiki_dividend,wiki_split_ratio,wiki_close,wiki_factor_ratio,wiki_formula_ratio,wiki_formula_residual,sheepb_factor_ratio,sheepb_implied_cash_diagnostic_only
2006-02-13,0.04,1.0,40.89,1.0009782342871105,1.0009782342871119,-1.3322676295501878e-15,1.0009666593436086,0.04000036151905407
2006-05-11,0.04,1.0,43.59,1.0009176416609387,1.0009176416609313,7.327471962526033e-15,1.0009044142272312,0.04000223965886229
2006-08-11,0.04,1.0,39.28,1.0010183299389093,1.0010183299389002,9.103828801926284e-15,1.0010075183606197,0.04000854549047109
2006-11-13,0.04,1.0,35.77,1.0011182555213922,1.0011182555213867,5.551115123125783e-15,1.0011012654950846,0.03998696280353931
2007-02-13,0.04,1.0,36.89,1.0010843046896398,1.0010843046896178,2.19824158875781e-14,1.0010839798079336,0.03998802842242574
2007-05-11,0.04,1.0,39.21,1.0010201479214624,1.0010201479214487,1.3766765505351941e-14,1.0010350912687358,0.03999593115146719
2007-08-13,0.04,1.0,36.85,1.0010854816824688,1.0010854816824966,-2.7755575615628914e-14,1.0010772106022017,0.03998607239232498
2007-11-13,0.04,1.0,40.22,1.0009945300845449,1.000994530084535,9.769962616701378e-15,1.0010057898420723,0.040000263135798124
2008-02-13,0.06,1.0,45.34,1.001323334803692,1.0013233348037054,-1.3322676295501878e-14,1.0013427637867143,0.059994695367045235
2008-05-13,0.06,1.0,68.66,1.0008738712496437,1.000873871249636,7.771561172376096e-15,1.0008868565809743,0.059986987970438124
2008-08-13,0.06,1.0,54.22,1.0011066027296054,1.00110660272962,-1.4654943925052066e-14,1.0012050264808339,0.06001030706073365
2008-11-12,0.06,1.0,28.7,1.002090592334497,1.0020905923344947,2.220446049250313e-15,1.001949172580231,0.05999554100827392
2009-02-11,0.06,1.0,24.31,1.0024681201151926,1.0024681201151788,1.3766765505351941e-14,1.0023492380750025,0.05999954240672422
2009-05-13,0.06,1.0,27.5,1.0021818181818158,1.0021818181818183,-2.4424906541753444e-15,1.0020413632269891,0.05999567562626513
2009-08-12,0.06,1.0,38.81,1.001545993300704,1.0015459933006956,8.43769498715119e-15,1.001569314111407,0.059994887938270076
2009-11-10,0.06,1.0,46.36,1.0012942191544454,1.0012942191544434,1.9984014443252818e-15,1.001289872135182,0.060017727780262674
2010-02-10,0.06,1.0,54.01,1.001110905387888,1.001110905387891,-3.1086244689504383e-15,1.00110551336518,0.06000725760727994
2010-05-12,0.08,1.0,71.58,1.0011176306230758,1.0011176306230791,-3.3306690738754696e-15,1.0011750027472452,0.07999419815263137
2010-08-11,0.08,1.0,67.54,1.0011844832691754,1.0011844832691739,1.5543122344752192e-15,1.0011225152574859,0.07999044386457581
2010-11-10,0.08,1.0,81.89,1.0009769202588907,1.0009769202588839,6.8833827526759706e-15,1.0009788863663722,0.07998482075122759
2011-02-11,0.08,1.0,105.87,1.000755643714041,1.0007556437139888,5.218048215738236e-14,1.0007577435061226,0.08000256021138123
2011-05-11,0.1,1.0,92.65,1.0010793308149,1.0010793308148949,5.10702591327572e-15,1.00103692832789,0.10001172822810206
2011-08-11,0.1,1.0,68.07,1.0014690759512364,1.0014690759512266,9.769962616701378e-15,1.001519410893273,0.09999244792525265
2011-11-10,0.1,1.0,64.82,1.0015427337241605,1.0015427337241591,1.3322676295501878e-15,1.0015745682351307,0.1000165465599912
2012-02-13,0.1,1.0,67.14,1.00148942508193,1.0014894250819184,1.1546319456101628e-14,1.0014964627721645,0.10000859465885582
2012-05-11,0.12,1.0,63.34,1.001894537417112,1.001894537417114,-1.9984014443252818e-15,1.0018414339379051,0.11998785550933559
2012-08-13,0.12,1.0,62.02,1.0019348597226598,1.00193485972267,-1.021405182655144e-14,1.0019175141889454,0.1199980431594147
2012-11-13,0.12,1.0,59.93,1.0020023360587305,1.0020023360587351,-4.6629367034256575e-15,1.0020130746043248,0.11999937749543267
2013-02-13,0.12,1.0,67.75,1.001771217712186,1.0017712177121771,8.881784197001252e-15,1.0017938922614218,0.11997555828968487
2013-05-13,0.14,1.0,70.25,1.0019928825622726,1.0019928825622775,-4.884981308350689e-15,1.0019889570040839,0.14000267576755265
2013-08-13,0.14,1.0,79.65,1.0017576898932783,1.0017576898932832,-4.884981308350689e-15,1.0017609830741911,0.13998057393973595
2013-11-13,0.14,1.0,103.14,1.001357378320697,1.001357378320729,-3.197442310920451e-14,1.0013842716113006,0.1399775793281378
2014-02-12,0.14,1.0,108.46,1.001290798451009,1.001290798451042,-3.2862601528904634e-14,1.001313204138012,0.1400006922443969
2014-05-13,0.16,1.0,127.94,1.0012505862122891,1.001250586212287,2.220446049250313e-15,1.0012547314905278,0.15997829686886153
2014-08-13,0.16,1.0,136.13,1.0011753470947415,1.001175347094689,5.262457136723242e-14,1.0011678828006227,0.16002326561598762
2014-11-12,0.16,1.0,114.55,1.0013967699694626,1.0013967699694457,1.687538997430238e-14,1.001382627819878,0.16002531098674194
2015-02-11,0.16,1.0,106.75,1.0014988290397748,1.0014988290398126,-3.774758283725532e-14,1.0015017685692638,0.16002841789685956
2015-05-13,0.16,1.0,116.93,1.0013683400324795,1.001368340032498,-1.84297022087776e-14,1.0013587277326053,0.16000377018103895
2015-08-12,0.16,1.0,118.8,1.001346801346793,1.0013468013468014,-8.43769498715119e-15,1.0013981948167008,0.1599675139738305
2015-11-10,0.16,1.0,117.62,1.0013603128719737,1.0013603128719606,1.3100631690576847e-14,1.0013650438173507,0.159969524472865
2016-02-10,0.16,1.0,83.37,1.001919155571554,1.0019191555715485,5.551115123125783e-15,1.0019565068187253,0.16002264243268408
2016-05-11,0.08,1.0,114.45,1.0006989951944536,1.000698995194408,4.551914400963142e-14,1.0007073048813735,0.08000325455701231
2016-08-11,0.08,1.0,129.8,1.0006163328197637,1.0006163328197226,4.107825191113079e-14,1.0006320434849052,0.07999142848140854
2016-11-10,0.08,1.0,125.31,1.0006384167264675,1.0006384167265183,-5.084821452783217e-14,1.000636907014168,0.08000825192040145
2017-02-13,0.08,1.0,132.73,1.0006027273412095,1.000602727341219,-9.547918011776346e-15,1.0006079530118688,0.08000660789186693
2017-05-11,0.08,1.0,118.28,1.0006763611768386,1.0006763611768685,-2.9976021664879227e-14,1.0006667302114847,0.0800009572343532
2017-08-11,0.08,1.0,97.52,1.0008203445447095,1.0008203445447088,6.661338147750939e-16,1.0008189183366423,0.08000831368207229
2017-09-14,0.16,1.0,106.71,1.001499390872487,1.001499390872458,2.886579864025407e-14,0.9999998601350544,-1.4919395578067172e-05
